,0
0,"5c49fd3 project/app/src/main/java/org/owntracks/android/ui/preferences/connection/dialog/ConnectionSecurityViewModel.java (<eulerhm@dcc.ufmg.br> 2022-12-20   3) import android.content.Context;
"
1,"5c49fd3 project/app/src/main/java/org/owntracks/android/ui/preferences/connection/dialog/ConnectionSecurityViewModel.java (<eulerhm@dcc.ufmg.br> 2022-12-20   4) import android.content.Intent;
"
2,"5c49fd3 project/app/src/main/java/org/owntracks/android/ui/preferences/connection/dialog/ConnectionSecurityViewModel.java (<eulerhm@dcc.ufmg.br> 2022-12-20   5) import android.database.Cursor;
"
3,"5c49fd3 project/app/src/main/java/org/owntracks/android/ui/preferences/connection/dialog/ConnectionSecurityViewModel.java (<eulerhm@dcc.ufmg.br> 2022-12-20   6) import android.net.Uri;
"
4,"5c49fd3 project/app/src/main/java/org/owntracks/android/ui/preferences/connection/dialog/ConnectionSecurityViewModel.java (<eulerhm@dcc.ufmg.br> 2022-12-20   7) import android.os.AsyncTask;
"
5,"5c49fd3 project/app/src/main/java/org/owntracks/android/ui/preferences/connection/dialog/ConnectionSecurityViewModel.java (<eulerhm@dcc.ufmg.br> 2022-12-20   8) import android.provider.OpenableColumns;
"
6,"5c49fd3 project/app/src/main/java/org/owntracks/android/ui/preferences/connection/dialog/ConnectionSecurityViewModel.java (<eulerhm@dcc.ufmg.br> 2022-12-20   9) import android.view.View;
"
7,"5c49fd3 project/app/src/main/java/org/owntracks/android/ui/preferences/connection/dialog/ConnectionSecurityViewModel.java (<eulerhm@dcc.ufmg.br> 2022-12-20  10) import android.widget.CompoundButton;
"
8,"5c49fd3 project/app/src/main/java/org/owntracks/android/ui/preferences/connection/dialog/ConnectionSecurityViewModel.java (<eulerhm@dcc.ufmg.br> 2022-12-20  11) import android.widget.Toast;
"
9,"5c49fd3 project/app/src/main/java/org/owntracks/android/ui/preferences/connection/dialog/ConnectionSecurityViewModel.java (<eulerhm@dcc.ufmg.br> 2022-12-20  13) import androidx.appcompat.widget.PopupMenu;
"
10,"5c49fd3 project/app/src/main/java/org/owntracks/android/ui/preferences/connection/dialog/ConnectionSecurityViewModel.java (<eulerhm@dcc.ufmg.br> 2022-12-20  15) import org.owntracks.android.R;
"
11,"5c49fd3 project/app/src/main/java/org/owntracks/android/ui/preferences/connection/dialog/ConnectionSecurityViewModel.java (<eulerhm@dcc.ufmg.br> 2022-12-20  16) import org.owntracks.android.support.Preferences;
"
12,"5c49fd3 project/app/src/main/java/org/owntracks/android/ui/preferences/connection/dialog/ConnectionSecurityViewModel.java (<eulerhm@dcc.ufmg.br> 2022-12-20  17) import org.owntracks.android.ui.base.navigator.Navigator;
"
13,"5c49fd3 project/app/src/main/java/org/owntracks/android/ui/preferences/connection/dialog/ConnectionSecurityViewModel.java (<eulerhm@dcc.ufmg.br> 2022-12-20  19) import java.io.FileOutputStream;
"
14,"5c49fd3 project/app/src/main/java/org/owntracks/android/ui/preferences/connection/dialog/ConnectionSecurityViewModel.java (<eulerhm@dcc.ufmg.br> 2022-12-20  20) import java.io.InputStream;
"
15,"5c49fd3 project/app/src/main/java/org/owntracks/android/ui/preferences/connection/dialog/ConnectionSecurityViewModel.java (<eulerhm@dcc.ufmg.br> 2022-12-20  22) import timber.log.Timber;
"
16,"5c49fd3 project/app/src/main/java/org/owntracks/android/ui/preferences/connection/dialog/ConnectionSecurityViewModel.java (<eulerhm@dcc.ufmg.br> 2022-12-20  24) import static android.app.Activity.RESULT_OK;
"
17,"5c49fd3 project/app/src/main/java/org/owntracks/android/ui/preferences/editor/EditorActivity.java (<eulerhm@dcc.ufmg.br> 2022-12-20   3) import android.content.Intent;
"
18,"5c49fd3 project/app/src/main/java/org/owntracks/android/ui/preferences/editor/EditorActivity.java (<eulerhm@dcc.ufmg.br> 2022-12-20   4) import android.net.Uri;
"
19,"5c49fd3 project/app/src/main/java/org/owntracks/android/ui/preferences/editor/EditorActivity.java (<eulerhm@dcc.ufmg.br> 2022-12-20   5) import android.os.AsyncTask;
"
20,"5c49fd3 project/app/src/main/java/org/owntracks/android/ui/preferences/editor/EditorActivity.java (<eulerhm@dcc.ufmg.br> 2022-12-20   6) import android.os.Bundle;
"
21,"5c49fd3 project/app/src/main/java/org/owntracks/android/ui/preferences/editor/EditorActivity.java (<eulerhm@dcc.ufmg.br> 2022-12-20   7) import android.view.LayoutInflater;
"
22,"5c49fd3 project/app/src/main/java/org/owntracks/android/ui/preferences/editor/EditorActivity.java (<eulerhm@dcc.ufmg.br> 2022-12-20   8) import android.view.Menu;
"
23,"5c49fd3 project/app/src/main/java/org/owntracks/android/ui/preferences/editor/EditorActivity.java (<eulerhm@dcc.ufmg.br> 2022-12-20   9) import android.view.MenuInflater;
"
24,"5c49fd3 project/app/src/main/java/org/owntracks/android/ui/preferences/editor/EditorActivity.java (<eulerhm@dcc.ufmg.br> 2022-12-20  10) import android.view.MenuItem;
"
25,"5c49fd3 project/app/src/main/java/org/owntracks/android/ui/preferences/editor/EditorActivity.java (<eulerhm@dcc.ufmg.br> 2022-12-20  11) import android.view.View;
"
26,"5c49fd3 project/app/src/main/java/org/owntracks/android/ui/preferences/editor/EditorActivity.java (<eulerhm@dcc.ufmg.br> 2022-12-20  12) import android.widget.ArrayAdapter;
"
27,"5c49fd3 project/app/src/main/java/org/owntracks/android/ui/preferences/editor/EditorActivity.java (<eulerhm@dcc.ufmg.br> 2022-12-20  13) import android.widget.Toast;
"
28,"5c49fd3 project/app/src/main/java/org/owntracks/android/ui/preferences/editor/EditorActivity.java (<eulerhm@dcc.ufmg.br> 2022-12-20  15) import androidx.annotation.Nullable;
"
29,"5c49fd3 project/app/src/main/java/org/owntracks/android/ui/preferences/editor/EditorActivity.java (<eulerhm@dcc.ufmg.br> 2022-12-20  16) import androidx.appcompat.app.AlertDialog;
"
30,"5c49fd3 project/app/src/main/java/org/owntracks/android/ui/preferences/editor/EditorActivity.java (<eulerhm@dcc.ufmg.br> 2022-12-20  17) import androidx.core.content.FileProvider;
"
31,"5c49fd3 project/app/src/main/java/org/owntracks/android/ui/preferences/editor/EditorActivity.java (<eulerhm@dcc.ufmg.br> 2022-12-20  19) import com.rengwuxian.materialedittext.MaterialAutoCompleteTextView;
"
32,"5c49fd3 project/app/src/main/java/org/owntracks/android/ui/preferences/editor/EditorActivity.java (<eulerhm@dcc.ufmg.br> 2022-12-20  20) import com.rengwuxian.materialedittext.MaterialEditText;
"
33,"5c49fd3 project/app/src/main/java/org/owntracks/android/ui/preferences/editor/EditorActivity.java (<eulerhm@dcc.ufmg.br> 2022-12-20  22) import org.greenrobot.eventbus.EventBus;
"
34,"5c49fd3 project/app/src/main/java/org/owntracks/android/ui/preferences/editor/EditorActivity.java (<eulerhm@dcc.ufmg.br> 2022-12-20  23) import org.owntracks.android.R;
"
35,"5c49fd3 project/app/src/main/java/org/owntracks/android/ui/preferences/editor/EditorActivity.java (<eulerhm@dcc.ufmg.br> 2022-12-20  24) import org.owntracks.android.data.repos.WaypointsRepo;
"
36,"5c49fd3 project/app/src/main/java/org/owntracks/android/ui/preferences/editor/EditorActivity.java (<eulerhm@dcc.ufmg.br> 2022-12-20  25) import org.owntracks.android.databinding.UiPreferencesEditorBinding;
"
37,"5c49fd3 project/app/src/main/java/org/owntracks/android/ui/preferences/editor/EditorActivity.java (<eulerhm@dcc.ufmg.br> 2022-12-20  26) import org.owntracks.android.model.messages.MessageConfiguration;
"
38,"5c49fd3 project/app/src/main/java/org/owntracks/android/ui/preferences/editor/EditorActivity.java (<eulerhm@dcc.ufmg.br> 2022-12-20  27) import org.owntracks.android.support.Events;
"
39,"5c49fd3 project/app/src/main/java/org/owntracks/android/ui/preferences/editor/EditorActivity.java (<eulerhm@dcc.ufmg.br> 2022-12-20  28) import org.owntracks.android.support.Parser;
"
40,"5c49fd3 project/app/src/main/java/org/owntracks/android/ui/preferences/editor/EditorActivity.java (<eulerhm@dcc.ufmg.br> 2022-12-20  29) import org.owntracks.android.support.Preferences;
"
41,"5c49fd3 project/app/src/main/java/org/owntracks/android/ui/preferences/editor/EditorActivity.java (<eulerhm@dcc.ufmg.br> 2022-12-20  30) import org.owntracks.android.ui.base.BaseActivity;
"
42,"5c49fd3 project/app/src/main/java/org/owntracks/android/ui/preferences/editor/EditorActivity.java (<eulerhm@dcc.ufmg.br> 2022-12-20  31) import org.owntracks.android.ui.base.navigator.Navigator;
"
43,"5c49fd3 project/app/src/main/java/org/owntracks/android/ui/preferences/editor/EditorActivity.java (<eulerhm@dcc.ufmg.br> 2022-12-20  32) import org.owntracks.android.ui.preferences.load.LoadActivity;
"
44,"5c49fd3 project/app/src/main/java/org/owntracks/android/ui/preferences/editor/EditorActivity.java (<eulerhm@dcc.ufmg.br> 2022-12-20  34) import java.io.File;
"
45,"5c49fd3 project/app/src/main/java/org/owntracks/android/ui/preferences/editor/EditorActivity.java (<eulerhm@dcc.ufmg.br> 2022-12-20  35) import java.io.FileWriter;
"
46,"5c49fd3 project/app/src/main/java/org/owntracks/android/ui/preferences/editor/EditorActivity.java (<eulerhm@dcc.ufmg.br> 2022-12-20  36) import java.io.IOException;
"
47,"5c49fd3 project/app/src/main/java/org/owntracks/android/ui/preferences/editor/EditorActivity.java (<eulerhm@dcc.ufmg.br> 2022-12-20  37) import java.lang.ref.WeakReference;
"
48,"5c49fd3 project/app/src/main/java/org/owntracks/android/ui/preferences/editor/EditorActivity.java (<eulerhm@dcc.ufmg.br> 2022-12-20  39) import javax.inject.Inject;
"
49,"5c49fd3 project/app/src/main/java/org/owntracks/android/ui/preferences/editor/EditorActivity.java (<eulerhm@dcc.ufmg.br> 2022-12-20  41) import timber.log.Timber;
"
50,"5c49fd3 project/app/src/main/java/org/owntracks/android/ui/preferences/editor/EditorActivityModule.kt (<eulerhm@dcc.ufmg.br> 2022-12-20  3) import androidx.appcompat.app.AppCompatActivity
"
51,"5c49fd3 project/app/src/main/java/org/owntracks/android/ui/preferences/editor/EditorActivityModule.kt (<eulerhm@dcc.ufmg.br> 2022-12-20  4) import dagger.Binds
"
52,"5c49fd3 project/app/src/main/java/org/owntracks/android/ui/preferences/editor/EditorActivityModule.kt (<eulerhm@dcc.ufmg.br> 2022-12-20  5) import dagger.Module
"
53,"5c49fd3 project/app/src/main/java/org/owntracks/android/ui/preferences/editor/EditorActivityModule.kt (<eulerhm@dcc.ufmg.br> 2022-12-20  6) import org.owntracks.android.injection.scopes.PerActivity
"
54,"5c49fd3 project/app/src/main/java/org/owntracks/android/ui/preferences/editor/EditorMvvm.java (<eulerhm@dcc.ufmg.br> 2022-12-20  2) import androidx.databinding.Bindable;
"
55,"5c49fd3 project/app/src/main/java/org/owntracks/android/ui/preferences/editor/EditorMvvm.java (<eulerhm@dcc.ufmg.br> 2022-12-20  4) import org.owntracks.android.ui.base.view.MvvmView;
"
56,"5c49fd3 project/app/src/main/java/org/owntracks/android/ui/preferences/editor/EditorMvvm.java (<eulerhm@dcc.ufmg.br> 2022-12-20  5) import org.owntracks.android.ui.base.viewmodel.MvvmViewModel;
"
57,"5c49fd3 project/app/src/main/java/org/owntracks/android/ui/preferences/editor/EditorViewModel.java (<eulerhm@dcc.ufmg.br> 2022-12-20  3) import android.os.Bundle;
"
58,"5c49fd3 project/app/src/main/java/org/owntracks/android/ui/preferences/editor/EditorViewModel.java (<eulerhm@dcc.ufmg.br> 2022-12-20  5) import androidx.annotation.NonNull;
"
59,"5c49fd3 project/app/src/main/java/org/owntracks/android/ui/preferences/editor/EditorViewModel.java (<eulerhm@dcc.ufmg.br> 2022-12-20  6) import androidx.annotation.Nullable;
"
60,"5c49fd3 project/app/src/main/java/org/owntracks/android/ui/preferences/editor/EditorViewModel.java (<eulerhm@dcc.ufmg.br> 2022-12-20  7) import androidx.databinding.Bindable;
"
61,"5c49fd3 project/app/src/main/java/org/owntracks/android/ui/preferences/editor/EditorViewModel.java (<eulerhm@dcc.ufmg.br> 2022-12-20  9) import org.owntracks.android.BR;
"
62,"5c49fd3 project/app/src/main/java/org/owntracks/android/ui/preferences/editor/EditorViewModel.java (<eulerhm@dcc.ufmg.br> 2022-12-20 10) import org.owntracks.android.R;
"
63,"5c49fd3 project/app/src/main/java/org/owntracks/android/ui/preferences/editor/EditorViewModel.java (<eulerhm@dcc.ufmg.br> 2022-12-20 11) import org.owntracks.android.data.repos.WaypointsRepo;
"
64,"5c49fd3 project/app/src/main/java/org/owntracks/android/ui/preferences/editor/EditorViewModel.java (<eulerhm@dcc.ufmg.br> 2022-12-20 12) import org.owntracks.android.injection.scopes.PerActivity;
"
65,"5c49fd3 project/app/src/main/java/org/owntracks/android/ui/preferences/editor/EditorViewModel.java (<eulerhm@dcc.ufmg.br> 2022-12-20 13) import org.owntracks.android.model.messages.MessageConfiguration;
"
66,"5c49fd3 project/app/src/main/java/org/owntracks/android/ui/preferences/editor/EditorViewModel.java (<eulerhm@dcc.ufmg.br> 2022-12-20 14) import org.owntracks.android.support.Parser;
"
67,"5c49fd3 project/app/src/main/java/org/owntracks/android/ui/preferences/editor/EditorViewModel.java (<eulerhm@dcc.ufmg.br> 2022-12-20 15) import org.owntracks.android.support.Preferences;
"
68,"5c49fd3 project/app/src/main/java/org/owntracks/android/ui/preferences/editor/EditorViewModel.java (<eulerhm@dcc.ufmg.br> 2022-12-20 16) import org.owntracks.android.ui.base.viewmodel.BaseViewModel;
"
69,"5c49fd3 project/app/src/main/java/org/owntracks/android/ui/preferences/editor/EditorViewModel.java (<eulerhm@dcc.ufmg.br> 2022-12-20 18) import java.io.IOException;
"
70,"5c49fd3 project/app/src/main/java/org/owntracks/android/ui/preferences/editor/EditorViewModel.java (<eulerhm@dcc.ufmg.br> 2022-12-20 20) import javax.inject.Inject;
"
71,"5c49fd3 project/app/src/main/java/org/owntracks/android/ui/preferences/load/LoadActivity.java (<eulerhm@dcc.ufmg.br> 2022-12-20   3) import android.annotation.SuppressLint;
"
72,"5c49fd3 project/app/src/main/java/org/owntracks/android/ui/preferences/load/LoadActivity.java (<eulerhm@dcc.ufmg.br> 2022-12-20   4) import android.content.ContentResolver;
"
73,"5c49fd3 project/app/src/main/java/org/owntracks/android/ui/preferences/load/LoadActivity.java (<eulerhm@dcc.ufmg.br> 2022-12-20   5) import android.content.Intent;
"
74,"5c49fd3 project/app/src/main/java/org/owntracks/android/ui/preferences/load/LoadActivity.java (<eulerhm@dcc.ufmg.br> 2022-12-20   6) import android.net.Uri;
"
75,"5c49fd3 project/app/src/main/java/org/owntracks/android/ui/preferences/load/LoadActivity.java (<eulerhm@dcc.ufmg.br> 2022-12-20   7) import android.os.Bundle;
"
76,"5c49fd3 project/app/src/main/java/org/owntracks/android/ui/preferences/load/LoadActivity.java (<eulerhm@dcc.ufmg.br> 2022-12-20   8) import android.view.Menu;
"
77,"5c49fd3 project/app/src/main/java/org/owntracks/android/ui/preferences/load/LoadActivity.java (<eulerhm@dcc.ufmg.br> 2022-12-20   9) import android.view.MenuItem;
"
78,"5c49fd3 project/app/src/main/java/org/owntracks/android/ui/preferences/load/LoadActivity.java (<eulerhm@dcc.ufmg.br> 2022-12-20  10) import android.widget.Toast;
"
79,"5c49fd3 project/app/src/main/java/org/owntracks/android/ui/preferences/load/LoadActivity.java (<eulerhm@dcc.ufmg.br> 2022-12-20  12) import androidx.annotation.Nullable;
"
80,"5c49fd3 project/app/src/main/java/org/owntracks/android/ui/preferences/load/LoadActivity.java (<eulerhm@dcc.ufmg.br> 2022-12-20  13) import androidx.appcompat.app.AlertDialog;
"
81,"5c49fd3 project/app/src/main/java/org/owntracks/android/ui/preferences/load/LoadActivity.java (<eulerhm@dcc.ufmg.br> 2022-12-20  14) import androidx.databinding.Observable;
"
82,"5c49fd3 project/app/src/main/java/org/owntracks/android/ui/preferences/load/LoadActivity.java (<eulerhm@dcc.ufmg.br> 2022-12-20  16) import org.greenrobot.eventbus.EventBus;
"
83,"5c49fd3 project/app/src/main/java/org/owntracks/android/ui/preferences/load/LoadActivity.java (<eulerhm@dcc.ufmg.br> 2022-12-20  17) import org.owntracks.android.R;
"
84,"5c49fd3 project/app/src/main/java/org/owntracks/android/ui/preferences/load/LoadActivity.java (<eulerhm@dcc.ufmg.br> 2022-12-20  18) import org.owntracks.android.databinding.UiPreferencesLoadBinding;
"
85,"5c49fd3 project/app/src/main/java/org/owntracks/android/ui/preferences/load/LoadActivity.java (<eulerhm@dcc.ufmg.br> 2022-12-20  19) import org.owntracks.android.support.Events;
"
86,"5c49fd3 project/app/src/main/java/org/owntracks/android/ui/preferences/load/LoadActivity.java (<eulerhm@dcc.ufmg.br> 2022-12-20  20) import org.owntracks.android.ui.base.BaseActivity;
"
87,"5c49fd3 project/app/src/main/java/org/owntracks/android/ui/preferences/load/LoadActivity.java (<eulerhm@dcc.ufmg.br> 2022-12-20  21) import org.owntracks.android.ui.base.navigator.Navigator;
"
88,"5c49fd3 project/app/src/main/java/org/owntracks/android/ui/preferences/load/LoadActivity.java (<eulerhm@dcc.ufmg.br> 2022-12-20  23) import java.io.IOException;
"
89,"5c49fd3 project/app/src/main/java/org/owntracks/android/ui/preferences/load/LoadActivity.java (<eulerhm@dcc.ufmg.br> 2022-12-20  24) import java.io.InputStream;
"
90,"5c49fd3 project/app/src/main/java/org/owntracks/android/ui/preferences/load/LoadActivity.java (<eulerhm@dcc.ufmg.br> 2022-12-20  25) import java.net.URI;
"
91,"5c49fd3 project/app/src/main/java/org/owntracks/android/ui/preferences/load/LoadActivity.java (<eulerhm@dcc.ufmg.br> 2022-12-20  26) import java.net.URISyntaxException;
"
92,"5c49fd3 project/app/src/main/java/org/owntracks/android/ui/preferences/load/LoadActivity.java (<eulerhm@dcc.ufmg.br> 2022-12-20  28) import javax.inject.Inject;
"
93,"5c49fd3 project/app/src/main/java/org/owntracks/android/ui/preferences/load/LoadActivity.java (<eulerhm@dcc.ufmg.br> 2022-12-20  30) import timber.log.Timber;
"
94,"5c49fd3 project/app/src/main/java/org/owntracks/android/ui/preferences/load/LoadActivityModule.kt (<eulerhm@dcc.ufmg.br> 2022-12-20  3) import androidx.appcompat.app.AppCompatActivity
"
95,"5c49fd3 project/app/src/main/java/org/owntracks/android/ui/preferences/load/LoadActivityModule.kt (<eulerhm@dcc.ufmg.br> 2022-12-20  4) import dagger.Binds
"
96,"5c49fd3 project/app/src/main/java/org/owntracks/android/ui/preferences/load/LoadActivityModule.kt (<eulerhm@dcc.ufmg.br> 2022-12-20  5) import dagger.Module
"
97,"5c49fd3 project/app/src/main/java/org/owntracks/android/ui/preferences/load/LoadActivityModule.kt (<eulerhm@dcc.ufmg.br> 2022-12-20  6) import org.owntracks.android.injection.scopes.PerActivity
"
98,"5c49fd3 project/app/src/main/java/org/owntracks/android/ui/preferences/load/LoadMvvm.java (<eulerhm@dcc.ufmg.br> 2022-12-20  4) import org.owntracks.android.ui.base.view.MvvmView;
"
99,"5c49fd3 project/app/src/main/java/org/owntracks/android/ui/preferences/load/LoadMvvm.java (<eulerhm@dcc.ufmg.br> 2022-12-20  5) import org.owntracks.android.ui.base.viewmodel.MvvmViewModel;
"
100,"5c49fd3 project/app/src/main/java/org/owntracks/android/ui/preferences/load/LoadMvvm.java (<eulerhm@dcc.ufmg.br> 2022-12-20  7) import java.net.URI;
"
101,"5c49fd3 project/app/src/main/java/org/owntracks/android/ui/preferences/load/LoadViewModel.java (<eulerhm@dcc.ufmg.br> 2022-12-20   3) import android.content.ContentResolver;
"
102,"5c49fd3 project/app/src/main/java/org/owntracks/android/ui/preferences/load/LoadViewModel.java (<eulerhm@dcc.ufmg.br> 2022-12-20   4) import android.os.Bundle;
"
103,"5c49fd3 project/app/src/main/java/org/owntracks/android/ui/preferences/load/LoadViewModel.java (<eulerhm@dcc.ufmg.br> 2022-12-20   6) import androidx.annotation.NonNull;
"
104,"5c49fd3 project/app/src/main/java/org/owntracks/android/ui/preferences/load/LoadViewModel.java (<eulerhm@dcc.ufmg.br> 2022-12-20   7) import androidx.annotation.Nullable;
"
105,"5c49fd3 project/app/src/main/java/org/owntracks/android/ui/preferences/load/LoadViewModel.java (<eulerhm@dcc.ufmg.br> 2022-12-20   9) import org.apache.commons.codec.binary.Base64;
"
106,"5c49fd3 project/app/src/main/java/org/owntracks/android/ui/preferences/load/LoadViewModel.java (<eulerhm@dcc.ufmg.br> 2022-12-20  10) import org.apache.hc.core5.http.NameValuePair;
"
107,"5c49fd3 project/app/src/main/java/org/owntracks/android/ui/preferences/load/LoadViewModel.java (<eulerhm@dcc.ufmg.br> 2022-12-20  11) import org.apache.hc.core5.net.URLEncodedUtils;
"
108,"5c49fd3 project/app/src/main/java/org/owntracks/android/ui/preferences/load/LoadViewModel.java (<eulerhm@dcc.ufmg.br> 2022-12-20  12) import org.owntracks.android.data.repos.WaypointsRepo;
"
109,"5c49fd3 project/app/src/main/java/org/owntracks/android/ui/preferences/load/LoadViewModel.java (<eulerhm@dcc.ufmg.br> 2022-12-20  13) import org.owntracks.android.injection.scopes.PerActivity;
"
110,"5c49fd3 project/app/src/main/java/org/owntracks/android/ui/preferences/load/LoadViewModel.java (<eulerhm@dcc.ufmg.br> 2022-12-20  14) import org.owntracks.android.model.messages.MessageBase;
"
111,"5c49fd3 project/app/src/main/java/org/owntracks/android/ui/preferences/load/LoadViewModel.java (<eulerhm@dcc.ufmg.br> 2022-12-20  15) import org.owntracks.android.model.messages.MessageConfiguration;
"
112,"5c49fd3 project/app/src/main/java/org/owntracks/android/ui/preferences/load/LoadViewModel.java (<eulerhm@dcc.ufmg.br> 2022-12-20  16) import org.owntracks.android.support.Parser;
"
113,"5c49fd3 project/app/src/main/java/org/owntracks/android/ui/preferences/load/LoadViewModel.java (<eulerhm@dcc.ufmg.br> 2022-12-20  17) import org.owntracks.android.support.Preferences;
"
114,"5c49fd3 project/app/src/main/java/org/owntracks/android/ui/preferences/load/LoadViewModel.java (<eulerhm@dcc.ufmg.br> 2022-12-20  18) import org.owntracks.android.ui.base.viewmodel.BaseViewModel;
"
115,"5c49fd3 project/app/src/main/java/org/owntracks/android/ui/preferences/load/LoadViewModel.java (<eulerhm@dcc.ufmg.br> 2022-12-20  20) import java.io.BufferedReader;
"
116,"5c49fd3 project/app/src/main/java/org/owntracks/android/ui/preferences/load/LoadViewModel.java (<eulerhm@dcc.ufmg.br> 2022-12-20  21) import java.io.FileInputStream;
"
117,"5c49fd3 project/app/src/main/java/org/owntracks/android/ui/preferences/load/LoadViewModel.java (<eulerhm@dcc.ufmg.br> 2022-12-20  22) import java.io.IOException;
"
118,"5c49fd3 project/app/src/main/java/org/owntracks/android/ui/preferences/load/LoadViewModel.java (<eulerhm@dcc.ufmg.br> 2022-12-20  23) import java.io.InputStreamReader;
"
119,"5c49fd3 project/app/src/main/java/org/owntracks/android/ui/preferences/load/LoadViewModel.java (<eulerhm@dcc.ufmg.br> 2022-12-20  24) import java.net.URI;
"
120,"5c49fd3 project/app/src/main/java/org/owntracks/android/ui/preferences/load/LoadViewModel.java (<eulerhm@dcc.ufmg.br> 2022-12-20  25) import java.net.URL;
"
121,"5c49fd3 project/app/src/main/java/org/owntracks/android/ui/preferences/load/LoadViewModel.java (<eulerhm@dcc.ufmg.br> 2022-12-20  26) import java.nio.charset.StandardCharsets;
"
122,"5c49fd3 project/app/src/main/java/org/owntracks/android/ui/preferences/load/LoadViewModel.java (<eulerhm@dcc.ufmg.br> 2022-12-20  27) import java.util.ArrayList;
"
123,"5c49fd3 project/app/src/main/java/org/owntracks/android/ui/preferences/load/LoadViewModel.java (<eulerhm@dcc.ufmg.br> 2022-12-20  28) import java.util.List;
"
124,"5c49fd3 project/app/src/main/java/org/owntracks/android/ui/preferences/load/LoadViewModel.java (<eulerhm@dcc.ufmg.br> 2022-12-20  30) import javax.inject.Inject;
"
125,"5c49fd3 project/app/src/main/java/org/owntracks/android/ui/preferences/load/LoadViewModel.java (<eulerhm@dcc.ufmg.br> 2022-12-20  32) import okhttp3.Call;
"
126,"5c49fd3 project/app/src/main/java/org/owntracks/android/ui/preferences/load/LoadViewModel.java (<eulerhm@dcc.ufmg.br> 2022-12-20  33) import okhttp3.Callback;
"
127,"5c49fd3 project/app/src/main/java/org/owntracks/android/ui/preferences/load/LoadViewModel.java (<eulerhm@dcc.ufmg.br> 2022-12-20  34) import okhttp3.OkHttpClient;
"
128,"5c49fd3 project/app/src/main/java/org/owntracks/android/ui/preferences/load/LoadViewModel.java (<eulerhm@dcc.ufmg.br> 2022-12-20  35) import okhttp3.Request;
"
129,"5c49fd3 project/app/src/main/java/org/owntracks/android/ui/preferences/load/LoadViewModel.java (<eulerhm@dcc.ufmg.br> 2022-12-20  36) import okhttp3.Response;
"
130,"5c49fd3 project/app/src/main/java/org/owntracks/android/ui/preferences/load/LoadViewModel.java (<eulerhm@dcc.ufmg.br> 2022-12-20  37) import okhttp3.ResponseBody;
"
131,"5c49fd3 project/app/src/main/java/org/owntracks/android/ui/preferences/load/LoadViewModel.java (<eulerhm@dcc.ufmg.br> 2022-12-20  38) import timber.log.Timber;
"
132,"5c49fd3 project/app/src/main/java/org/owntracks/android/ui/region/RegionActivity.java (<eulerhm@dcc.ufmg.br> 2022-12-20  3) import android.os.Bundle;
"
133,"5c49fd3 project/app/src/main/java/org/owntracks/android/ui/region/RegionActivity.java (<eulerhm@dcc.ufmg.br> 2022-12-20  4) import android.text.Editable;
"
134,"5c49fd3 project/app/src/main/java/org/owntracks/android/ui/region/RegionActivity.java (<eulerhm@dcc.ufmg.br> 2022-12-20  5) import android.text.TextWatcher;
"
135,"5c49fd3 project/app/src/main/java/org/owntracks/android/ui/region/RegionActivity.java (<eulerhm@dcc.ufmg.br> 2022-12-20  6) import android.view.Menu;
"
136,"5c49fd3 project/app/src/main/java/org/owntracks/android/ui/region/RegionActivity.java (<eulerhm@dcc.ufmg.br> 2022-12-20  7) import android.view.MenuItem;
"
137,"5c49fd3 project/app/src/main/java/org/owntracks/android/ui/region/RegionActivity.java (<eulerhm@dcc.ufmg.br> 2022-12-20  9) import androidx.annotation.Nullable;
"
138,"5c49fd3 project/app/src/main/java/org/owntracks/android/ui/region/RegionActivity.java (<eulerhm@dcc.ufmg.br> 2022-12-20 11) import org.owntracks.android.R;
"
139,"5c49fd3 project/app/src/main/java/org/owntracks/android/ui/region/RegionActivity.java (<eulerhm@dcc.ufmg.br> 2022-12-20 12) import org.owntracks.android.databinding.UiRegionBinding;
"
140,"5c49fd3 project/app/src/main/java/org/owntracks/android/ui/region/RegionActivity.java (<eulerhm@dcc.ufmg.br> 2022-12-20 13) import org.owntracks.android.ui.base.BaseActivity;
"
141,"5c49fd3 project/app/src/main/java/org/owntracks/android/ui/region/RegionActivity.java (<eulerhm@dcc.ufmg.br> 2022-12-20 14) import org.owntracks.android.ui.base.navigator.Navigator;
"
142,"5c49fd3 project/app/src/main/java/org/owntracks/android/ui/region/RegionActivity.java (<eulerhm@dcc.ufmg.br> 2022-12-20 16) import javax.inject.Inject;
"
143,"5c49fd3 project/app/src/main/java/org/owntracks/android/ui/region/RegionActivityModule.kt (<eulerhm@dcc.ufmg.br> 2022-12-20  3) import androidx.appcompat.app.AppCompatActivity
"
144,"5c49fd3 project/app/src/main/java/org/owntracks/android/ui/region/RegionActivityModule.kt (<eulerhm@dcc.ufmg.br> 2022-12-20  4) import dagger.Binds
"
145,"5c49fd3 project/app/src/main/java/org/owntracks/android/ui/region/RegionActivityModule.kt (<eulerhm@dcc.ufmg.br> 2022-12-20  5) import dagger.Module
"
146,"5c49fd3 project/app/src/main/java/org/owntracks/android/ui/region/RegionActivityModule.kt (<eulerhm@dcc.ufmg.br> 2022-12-20  6) import org.owntracks.android.injection.scopes.PerActivity
"
147,"5c49fd3 project/app/src/main/java/org/owntracks/android/ui/region/RegionMvvm.java (<eulerhm@dcc.ufmg.br> 2022-12-20  3) import org.owntracks.android.data.WaypointModel;
"
148,"5c49fd3 project/app/src/main/java/org/owntracks/android/ui/region/RegionMvvm.java (<eulerhm@dcc.ufmg.br> 2022-12-20  4) import org.owntracks.android.ui.base.view.MvvmView;
"
149,"5c49fd3 project/app/src/main/java/org/owntracks/android/ui/region/RegionMvvm.java (<eulerhm@dcc.ufmg.br> 2022-12-20  5) import org.owntracks.android.ui.base.viewmodel.MvvmViewModel;
"
150,"5c49fd3 project/app/src/main/java/org/owntracks/android/ui/region/RegionMvvm.java (<eulerhm@dcc.ufmg.br> 2022-12-20  7) import androidx.databinding.Bindable;
"
151,"5c49fd3 project/app/src/main/java/org/owntracks/android/ui/region/RegionViewModel.java (<eulerhm@dcc.ufmg.br> 2022-12-20  3) import android.os.Bundle;
"
152,"5c49fd3 project/app/src/main/java/org/owntracks/android/ui/region/RegionViewModel.java (<eulerhm@dcc.ufmg.br> 2022-12-20  5) import org.owntracks.android.data.WaypointModel;
"
153,"5c49fd3 project/app/src/main/java/org/owntracks/android/ui/region/RegionViewModel.java (<eulerhm@dcc.ufmg.br> 2022-12-20  6) import org.owntracks.android.data.repos.LocationRepo;
"
154,"5c49fd3 project/app/src/main/java/org/owntracks/android/ui/region/RegionViewModel.java (<eulerhm@dcc.ufmg.br> 2022-12-20  7) import org.owntracks.android.data.repos.WaypointsRepo;
"
155,"5c49fd3 project/app/src/main/java/org/owntracks/android/ui/region/RegionViewModel.java (<eulerhm@dcc.ufmg.br> 2022-12-20  8) import org.owntracks.android.injection.scopes.PerActivity;
"
156,"5c49fd3 project/app/src/main/java/org/owntracks/android/ui/region/RegionViewModel.java (<eulerhm@dcc.ufmg.br> 2022-12-20  9) import org.owntracks.android.ui.base.viewmodel.BaseViewModel;
"
157,"5c49fd3 project/app/src/main/java/org/owntracks/android/ui/region/RegionViewModel.java (<eulerhm@dcc.ufmg.br> 2022-12-20 11) import javax.inject.Inject;
"
158,"5c49fd3 project/app/src/main/java/org/owntracks/android/ui/region/RegionViewModel.java (<eulerhm@dcc.ufmg.br> 2022-12-20 13) import androidx.annotation.NonNull;
"
159,"5c49fd3 project/app/src/main/java/org/owntracks/android/ui/region/RegionViewModel.java (<eulerhm@dcc.ufmg.br> 2022-12-20 14) import androidx.annotation.Nullable;
"
160,"5c49fd3 project/app/src/main/java/org/owntracks/android/ui/region/RegionViewModel.java (<eulerhm@dcc.ufmg.br> 2022-12-20 15) import androidx.databinding.Bindable;
"
161,"5c49fd3 project/app/src/main/java/org/owntracks/android/ui/regions/RegionsActivity.java (<eulerhm@dcc.ufmg.br> 2022-12-20   3) import android.os.Bundle;
"
162,"5c49fd3 project/app/src/main/java/org/owntracks/android/ui/regions/RegionsActivity.java (<eulerhm@dcc.ufmg.br> 2022-12-20   4) import android.view.Menu;
"
163,"5c49fd3 project/app/src/main/java/org/owntracks/android/ui/regions/RegionsActivity.java (<eulerhm@dcc.ufmg.br> 2022-12-20   5) import android.view.MenuItem;
"
164,"5c49fd3 project/app/src/main/java/org/owntracks/android/ui/regions/RegionsActivity.java (<eulerhm@dcc.ufmg.br> 2022-12-20   6) import android.view.View;
"
165,"5c49fd3 project/app/src/main/java/org/owntracks/android/ui/regions/RegionsActivity.java (<eulerhm@dcc.ufmg.br> 2022-12-20   8) import androidx.annotation.NonNull;
"
166,"5c49fd3 project/app/src/main/java/org/owntracks/android/ui/regions/RegionsActivity.java (<eulerhm@dcc.ufmg.br> 2022-12-20   9) import androidx.appcompat.app.AlertDialog;
"
167,"5c49fd3 project/app/src/main/java/org/owntracks/android/ui/regions/RegionsActivity.java (<eulerhm@dcc.ufmg.br> 2022-12-20  10) import androidx.recyclerview.widget.LinearLayoutManager;
"
168,"5c49fd3 project/app/src/main/java/org/owntracks/android/ui/regions/RegionsActivity.java (<eulerhm@dcc.ufmg.br> 2022-12-20  12) import org.owntracks.android.R;
"
169,"5c49fd3 project/app/src/main/java/org/owntracks/android/ui/regions/RegionsActivity.java (<eulerhm@dcc.ufmg.br> 2022-12-20  13) import org.owntracks.android.data.WaypointModel;
"
170,"5c49fd3 project/app/src/main/java/org/owntracks/android/ui/regions/RegionsActivity.java (<eulerhm@dcc.ufmg.br> 2022-12-20  14) import org.owntracks.android.databinding.UiRegionsBinding;
"
171,"5c49fd3 project/app/src/main/java/org/owntracks/android/ui/regions/RegionsActivity.java (<eulerhm@dcc.ufmg.br> 2022-12-20  15) import org.owntracks.android.ui.base.BaseActivity;
"
172,"5c49fd3 project/app/src/main/java/org/owntracks/android/ui/regions/RegionsActivity.java (<eulerhm@dcc.ufmg.br> 2022-12-20  16) import org.owntracks.android.ui.base.navigator.Navigator;
"
173,"5c49fd3 project/app/src/main/java/org/owntracks/android/ui/regions/RegionsActivity.java (<eulerhm@dcc.ufmg.br> 2022-12-20  17) import org.owntracks.android.ui.region.RegionActivity;
"
174,"5c49fd3 project/app/src/main/java/org/owntracks/android/ui/regions/RegionsActivity.java (<eulerhm@dcc.ufmg.br> 2022-12-20  19) import javax.inject.Inject;
"
175,"5c49fd3 project/app/src/main/java/org/owntracks/android/ui/regions/RegionsActivity.java (<eulerhm@dcc.ufmg.br> 2022-12-20  21) import io.objectbox.android.AndroidScheduler;
"
176,"5c49fd3 project/app/src/main/java/org/owntracks/android/ui/regions/RegionsActivity.java (<eulerhm@dcc.ufmg.br> 2022-12-20  22) import io.objectbox.reactive.DataSubscription;
"
177,"5c49fd3 project/app/src/main/java/org/owntracks/android/ui/regions/RegionsActivity.java (<eulerhm@dcc.ufmg.br> 2022-12-20  23) import timber.log.Timber;
"
178,"5c49fd3 project/app/src/main/java/org/owntracks/android/ui/regions/RegionsActivityModule.kt (<eulerhm@dcc.ufmg.br> 2022-12-20  3) import androidx.appcompat.app.AppCompatActivity
"
179,"5c49fd3 project/app/src/main/java/org/owntracks/android/ui/regions/RegionsActivityModule.kt (<eulerhm@dcc.ufmg.br> 2022-12-20  4) import dagger.Binds
"
180,"5c49fd3 project/app/src/main/java/org/owntracks/android/ui/regions/RegionsActivityModule.kt (<eulerhm@dcc.ufmg.br> 2022-12-20  5) import dagger.Module
"
181,"5c49fd3 project/app/src/main/java/org/owntracks/android/ui/regions/RegionsActivityModule.kt (<eulerhm@dcc.ufmg.br> 2022-12-20  6) import org.owntracks.android.injection.scopes.PerActivity
"
182,"5c49fd3 project/app/src/main/java/org/owntracks/android/ui/regions/RegionsAdapter.java (<eulerhm@dcc.ufmg.br> 2022-12-20  3) import androidx.annotation.NonNull;
"
183,"5c49fd3 project/app/src/main/java/org/owntracks/android/ui/regions/RegionsAdapter.java (<eulerhm@dcc.ufmg.br> 2022-12-20  4) import android.view.View;
"
184,"5c49fd3 project/app/src/main/java/org/owntracks/android/ui/regions/RegionsAdapter.java (<eulerhm@dcc.ufmg.br> 2022-12-20  6) import org.owntracks.android.BR;
"
185,"5c49fd3 project/app/src/main/java/org/owntracks/android/ui/regions/RegionsAdapter.java (<eulerhm@dcc.ufmg.br> 2022-12-20  7) import org.owntracks.android.R;
"
186,"5c49fd3 project/app/src/main/java/org/owntracks/android/ui/regions/RegionsAdapter.java (<eulerhm@dcc.ufmg.br> 2022-12-20  8) import org.owntracks.android.data.WaypointModel;
"
187,"5c49fd3 project/app/src/main/java/org/owntracks/android/ui/regions/RegionsAdapter.java (<eulerhm@dcc.ufmg.br> 2022-12-20  9) import org.owntracks.android.ui.base.BaseAdapter;
"
188,"5c49fd3 project/app/src/main/java/org/owntracks/android/ui/regions/RegionsAdapter.java (<eulerhm@dcc.ufmg.br> 2022-12-20 10) import org.owntracks.android.ui.base.BaseAdapterItemView;
"
189,"5c49fd3 project/app/src/main/java/org/owntracks/android/ui/regions/RegionsAdapter.java (<eulerhm@dcc.ufmg.br> 2022-12-20 12) import java.util.List;
"
190,"5c49fd3 project/app/src/main/java/org/owntracks/android/ui/regions/RegionsAdapter.java (<eulerhm@dcc.ufmg.br> 2022-12-20 14) import io.objectbox.reactive.DataObserver;
"
191,"5c49fd3 project/app/src/main/java/org/owntracks/android/ui/regions/RegionsMvvm.java (<eulerhm@dcc.ufmg.br> 2022-12-20  3) import org.owntracks.android.data.WaypointModel;
"
192,"5c49fd3 project/app/src/main/java/org/owntracks/android/ui/regions/RegionsMvvm.java (<eulerhm@dcc.ufmg.br> 2022-12-20  4) import org.owntracks.android.ui.base.view.MvvmView;
"
193,"5c49fd3 project/app/src/main/java/org/owntracks/android/ui/regions/RegionsMvvm.java (<eulerhm@dcc.ufmg.br> 2022-12-20  5) import org.owntracks.android.ui.base.viewmodel.MvvmViewModel;
"
194,"5c49fd3 project/app/src/main/java/org/owntracks/android/ui/regions/RegionsMvvm.java (<eulerhm@dcc.ufmg.br> 2022-12-20  7) import io.objectbox.query.Query;
"
195,"5c49fd3 project/app/src/main/java/org/owntracks/android/ui/regions/RegionsViewModel.java (<eulerhm@dcc.ufmg.br> 2022-12-20  3) import org.owntracks.android.data.WaypointModel;
"
196,"5c49fd3 project/app/src/main/java/org/owntracks/android/ui/regions/RegionsViewModel.java (<eulerhm@dcc.ufmg.br> 2022-12-20  4) import org.owntracks.android.data.repos.WaypointsRepo;
"
197,"5c49fd3 project/app/src/main/java/org/owntracks/android/ui/regions/RegionsViewModel.java (<eulerhm@dcc.ufmg.br> 2022-12-20  5) import org.owntracks.android.injection.scopes.PerActivity;
"
198,"5c49fd3 project/app/src/main/java/org/owntracks/android/ui/regions/RegionsViewModel.java (<eulerhm@dcc.ufmg.br> 2022-12-20  6) import org.owntracks.android.services.LocationProcessor;
"
199,"5c49fd3 project/app/src/main/java/org/owntracks/android/ui/regions/RegionsViewModel.java (<eulerhm@dcc.ufmg.br> 2022-12-20  7) import org.owntracks.android.ui.base.viewmodel.BaseViewModel;
"
200,"5c49fd3 project/app/src/main/java/org/owntracks/android/ui/regions/RegionsViewModel.java (<eulerhm@dcc.ufmg.br> 2022-12-20  9) import javax.inject.Inject;
"
201,"5c49fd3 project/app/src/main/java/org/owntracks/android/ui/regions/RegionsViewModel.java (<eulerhm@dcc.ufmg.br> 2022-12-20 11) import io.objectbox.query.Query;
"
202,"5c49fd3 project/app/src/main/java/org/owntracks/android/ui/regions/RegionsViewModel.java (<eulerhm@dcc.ufmg.br> 2022-12-20 12) import timber.log.Timber;
"
203,"5c49fd3 project/app/src/main/java/org/owntracks/android/ui/status/LogViewerActivity.kt (<eulerhm@dcc.ufmg.br> 2022-12-20  16) import android.content.ContentProvider
"
204,"5c49fd3 project/app/src/main/java/org/owntracks/android/ui/status/LogViewerActivity.kt (<eulerhm@dcc.ufmg.br> 2022-12-20  17) import android.content.ContentValues
"
205,"5c49fd3 project/app/src/main/java/org/owntracks/android/ui/status/LogViewerActivity.kt (<eulerhm@dcc.ufmg.br> 2022-12-20  18) import android.content.Intent
"
206,"5c49fd3 project/app/src/main/java/org/owntracks/android/ui/status/LogViewerActivity.kt (<eulerhm@dcc.ufmg.br> 2022-12-20  19) import android.database.Cursor
"
207,"5c49fd3 project/app/src/main/java/org/owntracks/android/ui/status/LogViewerActivity.kt (<eulerhm@dcc.ufmg.br> 2022-12-20  20) import android.database.MatrixCursor
"
208,"5c49fd3 project/app/src/main/java/org/owntracks/android/ui/status/LogViewerActivity.kt (<eulerhm@dcc.ufmg.br> 2022-12-20  21) import android.graphics.Typeface
"
209,"5c49fd3 project/app/src/main/java/org/owntracks/android/ui/status/LogViewerActivity.kt (<eulerhm@dcc.ufmg.br> 2022-12-20  22) import android.net.Uri
"
210,"5c49fd3 project/app/src/main/java/org/owntracks/android/ui/status/LogViewerActivity.kt (<eulerhm@dcc.ufmg.br> 2022-12-20  23) import android.os.Bundle
"
211,"5c49fd3 project/app/src/main/java/org/owntracks/android/ui/status/LogViewerActivity.kt (<eulerhm@dcc.ufmg.br> 2022-12-20  24) import android.os.ParcelFileDescriptor
"
212,"5c49fd3 project/app/src/main/java/org/owntracks/android/ui/status/LogViewerActivity.kt (<eulerhm@dcc.ufmg.br> 2022-12-20  25) import android.provider.OpenableColumns
"
213,"5c49fd3 project/app/src/main/java/org/owntracks/android/ui/status/LogViewerActivity.kt (<eulerhm@dcc.ufmg.br> 2022-12-20  26) import android.text.Spannable
"
214,"5c49fd3 project/app/src/main/java/org/owntracks/android/ui/status/LogViewerActivity.kt (<eulerhm@dcc.ufmg.br> 2022-12-20  27) import android.text.SpannableString
"
215,"5c49fd3 project/app/src/main/java/org/owntracks/android/ui/status/LogViewerActivity.kt (<eulerhm@dcc.ufmg.br> 2022-12-20  28) import android.text.style.ForegroundColorSpan
"
216,"5c49fd3 project/app/src/main/java/org/owntracks/android/ui/status/LogViewerActivity.kt (<eulerhm@dcc.ufmg.br> 2022-12-20  29) import android.text.style.StyleSpan
"
217,"5c49fd3 project/app/src/main/java/org/owntracks/android/ui/status/LogViewerActivity.kt (<eulerhm@dcc.ufmg.br> 2022-12-20  30) import android.view.*
"
218,"5c49fd3 project/app/src/main/java/org/owntracks/android/ui/status/LogViewerActivity.kt (<eulerhm@dcc.ufmg.br> 2022-12-20  31) import androidx.core.app.ShareCompat
"
219,"5c49fd3 project/app/src/main/java/org/owntracks/android/ui/status/LogViewerActivity.kt (<eulerhm@dcc.ufmg.br> 2022-12-20  32) import androidx.recyclerview.widget.DividerItemDecoration
"
220,"5c49fd3 project/app/src/main/java/org/owntracks/android/ui/status/LogViewerActivity.kt (<eulerhm@dcc.ufmg.br> 2022-12-20  33) import androidx.recyclerview.widget.LinearLayoutManager
"
221,"5c49fd3 project/app/src/main/java/org/owntracks/android/ui/status/LogViewerActivity.kt (<eulerhm@dcc.ufmg.br> 2022-12-20  34) import androidx.recyclerview.widget.RecyclerView
"
222,"5c49fd3 project/app/src/main/java/org/owntracks/android/ui/status/LogViewerActivity.kt (<eulerhm@dcc.ufmg.br> 2022-12-20  35) import com.google.android.material.textview.MaterialTextView
"
223,"5c49fd3 project/app/src/main/java/org/owntracks/android/ui/status/LogViewerActivity.kt (<eulerhm@dcc.ufmg.br> 2022-12-20  36) import kotlinx.coroutines.*
"
224,"5c49fd3 project/app/src/main/java/org/owntracks/android/ui/status/LogViewerActivity.kt (<eulerhm@dcc.ufmg.br> 2022-12-20  37) import org.owntracks.android.BuildConfig
"
225,"5c49fd3 project/app/src/main/java/org/owntracks/android/ui/status/LogViewerActivity.kt (<eulerhm@dcc.ufmg.br> 2022-12-20  38) import org.owntracks.android.R
"
226,"5c49fd3 project/app/src/main/java/org/owntracks/android/ui/status/LogViewerActivity.kt (<eulerhm@dcc.ufmg.br> 2022-12-20  39) import org.owntracks.android.databinding.UiPreferencesLogsBinding
"
227,"5c49fd3 project/app/src/main/java/org/owntracks/android/ui/status/LogViewerActivity.kt (<eulerhm@dcc.ufmg.br> 2022-12-20  40) import org.owntracks.android.ui.base.BaseActivity
"
228,"5c49fd3 project/app/src/main/java/org/owntracks/android/ui/status/LogViewerActivity.kt (<eulerhm@dcc.ufmg.br> 2022-12-20  41) import org.owntracks.android.ui.base.view.MvvmView
"
229,"5c49fd3 project/app/src/main/java/org/owntracks/android/ui/status/LogViewerActivity.kt (<eulerhm@dcc.ufmg.br> 2022-12-20  42) import org.owntracks.android.ui.base.viewmodel.NoOpViewModel
"
230,"5c49fd3 project/app/src/main/java/org/owntracks/android/ui/status/LogViewerActivity.kt (<eulerhm@dcc.ufmg.br> 2022-12-20  43) import timber.log.Timber
"
231,"5c49fd3 project/app/src/main/java/org/owntracks/android/ui/status/LogViewerActivity.kt (<eulerhm@dcc.ufmg.br> 2022-12-20  44) import java.io.BufferedReader
"
232,"5c49fd3 project/app/src/main/java/org/owntracks/android/ui/status/LogViewerActivity.kt (<eulerhm@dcc.ufmg.br> 2022-12-20  45) import java.io.FileOutputStream
"
233,"5c49fd3 project/app/src/main/java/org/owntracks/android/ui/status/LogViewerActivity.kt (<eulerhm@dcc.ufmg.br> 2022-12-20  46) import java.io.IOException
"
234,"5c49fd3 project/app/src/main/java/org/owntracks/android/ui/status/LogViewerActivity.kt (<eulerhm@dcc.ufmg.br> 2022-12-20  47) import java.io.InputStreamReader
"
235,"5c49fd3 project/app/src/main/java/org/owntracks/android/ui/status/LogViewerActivity.kt (<eulerhm@dcc.ufmg.br> 2022-12-20  48) import java.nio.charset.StandardCharsets
"
236,"5c49fd3 project/app/src/main/java/org/owntracks/android/ui/status/LogViewerActivity.kt (<eulerhm@dcc.ufmg.br> 2022-12-20  49) import java.text.DateFormat
"
237,"5c49fd3 project/app/src/main/java/org/owntracks/android/ui/status/LogViewerActivity.kt (<eulerhm@dcc.ufmg.br> 2022-12-20  50) import java.text.ParseException
"
238,"5c49fd3 project/app/src/main/java/org/owntracks/android/ui/status/LogViewerActivity.kt (<eulerhm@dcc.ufmg.br> 2022-12-20  51) import java.text.SimpleDateFormat
"
239,"5c49fd3 project/app/src/main/java/org/owntracks/android/ui/status/LogViewerActivity.kt (<eulerhm@dcc.ufmg.br> 2022-12-20  52) import java.util.*
"
240,"5c49fd3 project/app/src/main/java/org/owntracks/android/ui/status/LogViewerActivity.kt (<eulerhm@dcc.ufmg.br> 2022-12-20  53) import java.util.concurrent.ConcurrentHashMap
"
241,"5c49fd3 project/app/src/main/java/org/owntracks/android/ui/status/LogViewerActivity.kt (<eulerhm@dcc.ufmg.br> 2022-12-20  54) import java.util.regex.Matcher
"
242,"5c49fd3 project/app/src/main/java/org/owntracks/android/ui/status/LogViewerActivity.kt (<eulerhm@dcc.ufmg.br> 2022-12-20  55) import java.util.regex.Pattern
"
243,"5c49fd3 project/app/src/main/java/org/owntracks/android/ui/status/LogViewerActivityModule.kt (<eulerhm@dcc.ufmg.br> 2022-12-20  3) import androidx.appcompat.app.AppCompatActivity
"
244,"5c49fd3 project/app/src/main/java/org/owntracks/android/ui/status/LogViewerActivityModule.kt (<eulerhm@dcc.ufmg.br> 2022-12-20  4) import dagger.Binds
"
245,"5c49fd3 project/app/src/main/java/org/owntracks/android/ui/status/LogViewerActivityModule.kt (<eulerhm@dcc.ufmg.br> 2022-12-20  5) import dagger.Module
"
246,"5c49fd3 project/app/src/main/java/org/owntracks/android/ui/status/LogViewerActivityModule.kt (<eulerhm@dcc.ufmg.br> 2022-12-20  6) import org.owntracks.android.injection.scopes.PerActivity
"
247,"5c49fd3 project/app/src/main/java/org/owntracks/android/ui/status/StatusActivity.java (<eulerhm@dcc.ufmg.br> 2022-12-20  3) import android.os.Bundle;
"
248,"5c49fd3 project/app/src/main/java/org/owntracks/android/ui/status/StatusActivity.java (<eulerhm@dcc.ufmg.br> 2022-12-20  4) import androidx.annotation.Nullable;
"
249,"5c49fd3 project/app/src/main/java/org/owntracks/android/ui/status/StatusActivity.java (<eulerhm@dcc.ufmg.br> 2022-12-20  6) import org.owntracks.android.R;
"
250,"5c49fd3 project/app/src/main/java/org/owntracks/android/ui/status/StatusActivity.java (<eulerhm@dcc.ufmg.br> 2022-12-20  7) import org.owntracks.android.databinding.UiStatusBinding;
"
251,"5c49fd3 project/app/src/main/java/org/owntracks/android/ui/status/StatusActivity.java (<eulerhm@dcc.ufmg.br> 2022-12-20  8) import org.owntracks.android.ui.base.BaseActivity;
"
252,"5c49fd3 project/app/src/main/java/org/owntracks/android/ui/status/StatusMvvm.java (<eulerhm@dcc.ufmg.br> 2022-12-20  3) import org.owntracks.android.services.MessageProcessor;
"
253,"5c49fd3 project/app/src/main/java/org/owntracks/android/ui/status/StatusMvvm.java (<eulerhm@dcc.ufmg.br> 2022-12-20  4) import org.owntracks.android.ui.base.view.MvvmView;
"
254,"5c49fd3 project/app/src/main/java/org/owntracks/android/ui/status/StatusMvvm.java (<eulerhm@dcc.ufmg.br> 2022-12-20  5) import org.owntracks.android.ui.base.viewmodel.MvvmViewModel;
"
255,"5c49fd3 project/app/src/main/java/org/owntracks/android/ui/status/StatusMvvm.java (<eulerhm@dcc.ufmg.br> 2022-12-20  7) import java.util.Date;
"
256,"5c49fd3 project/app/src/main/java/org/owntracks/android/ui/status/StatusViewModel.java (<eulerhm@dcc.ufmg.br> 2022-12-20   3) import android.content.Context;
"
257,"5c49fd3 project/app/src/main/java/org/owntracks/android/ui/status/StatusViewModel.java (<eulerhm@dcc.ufmg.br> 2022-12-20   4) import android.content.Intent;
"
258,"5c49fd3 project/app/src/main/java/org/owntracks/android/ui/status/StatusViewModel.java (<eulerhm@dcc.ufmg.br> 2022-12-20   5) import android.location.Location;
"
259,"5c49fd3 project/app/src/main/java/org/owntracks/android/ui/status/StatusViewModel.java (<eulerhm@dcc.ufmg.br> 2022-12-20   6) import android.os.Build;
"
260,"5c49fd3 project/app/src/main/java/org/owntracks/android/ui/status/StatusViewModel.java (<eulerhm@dcc.ufmg.br> 2022-12-20   7) import android.os.Bundle;
"
261,"5c49fd3 project/app/src/main/java/org/owntracks/android/ui/status/StatusViewModel.java (<eulerhm@dcc.ufmg.br> 2022-12-20   8) import android.os.PowerManager;
"
262,"5c49fd3 project/app/src/main/java/org/owntracks/android/ui/status/StatusViewModel.java (<eulerhm@dcc.ufmg.br> 2022-12-20  10) import androidx.annotation.NonNull;
"
263,"5c49fd3 project/app/src/main/java/org/owntracks/android/ui/status/StatusViewModel.java (<eulerhm@dcc.ufmg.br> 2022-12-20  11) import androidx.annotation.Nullable;
"
264,"5c49fd3 project/app/src/main/java/org/owntracks/android/ui/status/StatusViewModel.java (<eulerhm@dcc.ufmg.br> 2022-12-20  12) import androidx.databinding.Bindable;
"
265,"5c49fd3 project/app/src/main/java/org/owntracks/android/ui/status/StatusViewModel.java (<eulerhm@dcc.ufmg.br> 2022-12-20  14) import org.greenrobot.eventbus.Subscribe;
"
266,"5c49fd3 project/app/src/main/java/org/owntracks/android/ui/status/StatusViewModel.java (<eulerhm@dcc.ufmg.br> 2022-12-20  15) import org.owntracks.android.BR;
"
267,"5c49fd3 project/app/src/main/java/org/owntracks/android/ui/status/StatusViewModel.java (<eulerhm@dcc.ufmg.br> 2022-12-20  16) import org.owntracks.android.injection.qualifier.AppContext;
"
268,"5c49fd3 project/app/src/main/java/org/owntracks/android/ui/status/StatusViewModel.java (<eulerhm@dcc.ufmg.br> 2022-12-20  17) import org.owntracks.android.injection.scopes.PerActivity;
"
269,"5c49fd3 project/app/src/main/java/org/owntracks/android/ui/status/StatusViewModel.java (<eulerhm@dcc.ufmg.br> 2022-12-20  18) import org.owntracks.android.services.MessageProcessor;
"
270,"5c49fd3 project/app/src/main/java/org/owntracks/android/ui/status/StatusViewModel.java (<eulerhm@dcc.ufmg.br> 2022-12-20  19) import org.owntracks.android.support.Events;
"
271,"5c49fd3 project/app/src/main/java/org/owntracks/android/ui/status/StatusViewModel.java (<eulerhm@dcc.ufmg.br> 2022-12-20  20) import org.owntracks.android.ui.base.viewmodel.BaseViewModel;
"
272,"5c49fd3 project/app/src/main/java/org/owntracks/android/ui/status/StatusViewModel.java (<eulerhm@dcc.ufmg.br> 2022-12-20  22) import java.util.Date;
"
273,"5c49fd3 project/app/src/main/java/org/owntracks/android/ui/status/StatusViewModel.java (<eulerhm@dcc.ufmg.br> 2022-12-20  23) import java.util.concurrent.TimeUnit;
"
274,"5c49fd3 project/app/src/main/java/org/owntracks/android/ui/status/StatusViewModel.java (<eulerhm@dcc.ufmg.br> 2022-12-20  25) import javax.inject.Inject;
"
275,"5c49fd3 project/app/src/main/java/org/owntracks/android/ui/status/StatusViewModel.java (<eulerhm@dcc.ufmg.br> 2022-12-20  27) import timber.log.Timber;
"
276,"5c49fd3 project/app/src/main/java/org/owntracks/android/ui/welcome/StatusActivityModule.kt (<eulerhm@dcc.ufmg.br> 2022-12-20  3) import androidx.appcompat.app.AppCompatActivity
"
277,"5c49fd3 project/app/src/main/java/org/owntracks/android/ui/welcome/StatusActivityModule.kt (<eulerhm@dcc.ufmg.br> 2022-12-20  4) import dagger.Binds
"
278,"5c49fd3 project/app/src/main/java/org/owntracks/android/ui/welcome/StatusActivityModule.kt (<eulerhm@dcc.ufmg.br> 2022-12-20  5) import dagger.Module
"
279,"5c49fd3 project/app/src/main/java/org/owntracks/android/ui/welcome/StatusActivityModule.kt (<eulerhm@dcc.ufmg.br> 2022-12-20  6) import org.owntracks.android.injection.scopes.PerActivity
"
280,"5c49fd3 project/app/src/main/java/org/owntracks/android/ui/welcome/StatusActivityModule.kt (<eulerhm@dcc.ufmg.br> 2022-12-20  7) import org.owntracks.android.ui.status.StatusActivity
"
281,"5c49fd3 project/app/src/main/java/org/owntracks/android/ui/welcome/StatusActivityModule.kt (<eulerhm@dcc.ufmg.br> 2022-12-20  8) import org.owntracks.android.ui.status.StatusMvvm
"
282,"5c49fd3 project/app/src/main/java/org/owntracks/android/ui/welcome/StatusActivityModule.kt (<eulerhm@dcc.ufmg.br> 2022-12-20  9) import org.owntracks.android.ui.status.StatusViewModel
"
283,"5c49fd3 project/app/src/main/java/org/owntracks/android/ui/welcome/WelcomeActivity.kt (<eulerhm@dcc.ufmg.br> 2022-12-20   3) import android.content.Intent
"
284,"5c49fd3 project/app/src/main/java/org/owntracks/android/ui/welcome/WelcomeActivity.kt (<eulerhm@dcc.ufmg.br> 2022-12-20   4) import android.os.Bundle
"
285,"5c49fd3 project/app/src/main/java/org/owntracks/android/ui/welcome/WelcomeActivity.kt (<eulerhm@dcc.ufmg.br> 2022-12-20   5) import android.view.ViewGroup
"
286,"5c49fd3 project/app/src/main/java/org/owntracks/android/ui/welcome/WelcomeActivity.kt (<eulerhm@dcc.ufmg.br> 2022-12-20   6) import android.widget.ImageView
"
287,"5c49fd3 project/app/src/main/java/org/owntracks/android/ui/welcome/WelcomeActivity.kt (<eulerhm@dcc.ufmg.br> 2022-12-20   7) import androidx.core.content.ContextCompat
"
288,"5c49fd3 project/app/src/main/java/org/owntracks/android/ui/welcome/WelcomeActivity.kt (<eulerhm@dcc.ufmg.br> 2022-12-20   8) import org.owntracks.android.R
"
289,"5c49fd3 project/app/src/main/java/org/owntracks/android/ui/welcome/WelcomeActivity.kt (<eulerhm@dcc.ufmg.br> 2022-12-20   9) import org.owntracks.android.databinding.UiWelcomeBinding
"
290,"5c49fd3 project/app/src/main/java/org/owntracks/android/ui/welcome/WelcomeActivity.kt (<eulerhm@dcc.ufmg.br> 2022-12-20  10) import org.owntracks.android.support.RequirementsChecker
"
291,"5c49fd3 project/app/src/main/java/org/owntracks/android/ui/welcome/WelcomeActivity.kt (<eulerhm@dcc.ufmg.br> 2022-12-20  11) import org.owntracks.android.ui.base.BaseActivity
"
292,"5c49fd3 project/app/src/main/java/org/owntracks/android/ui/welcome/WelcomeActivity.kt (<eulerhm@dcc.ufmg.br> 2022-12-20  12) import org.owntracks.android.ui.base.navigator.Navigator
"
293,"5c49fd3 project/app/src/main/java/org/owntracks/android/ui/welcome/WelcomeActivity.kt (<eulerhm@dcc.ufmg.br> 2022-12-20  13) import org.owntracks.android.ui.map.MapActivity
"
294,"5c49fd3 project/app/src/main/java/org/owntracks/android/ui/welcome/WelcomeActivity.kt (<eulerhm@dcc.ufmg.br> 2022-12-20  14) import org.owntracks.android.ui.welcome.finish.FinishFragment
"
295,"5c49fd3 project/app/src/main/java/org/owntracks/android/ui/welcome/WelcomeActivity.kt (<eulerhm@dcc.ufmg.br> 2022-12-20  15) import org.owntracks.android.ui.welcome.intro.IntroFragment
"
296,"5c49fd3 project/app/src/main/java/org/owntracks/android/ui/welcome/WelcomeActivity.kt (<eulerhm@dcc.ufmg.br> 2022-12-20  16) import org.owntracks.android.ui.welcome.permission.PermissionFragment
"
297,"5c49fd3 project/app/src/main/java/org/owntracks/android/ui/welcome/WelcomeActivity.kt (<eulerhm@dcc.ufmg.br> 2022-12-20  17) import org.owntracks.android.ui.welcome.play.PlayFragment
"
298,"5c49fd3 project/app/src/main/java/org/owntracks/android/ui/welcome/WelcomeActivity.kt (<eulerhm@dcc.ufmg.br> 2022-12-20  18) import org.owntracks.android.ui.welcome.version.VersionFragment
"
299,"5c49fd3 project/app/src/main/java/org/owntracks/android/ui/welcome/WelcomeActivity.kt (<eulerhm@dcc.ufmg.br> 2022-12-20  19) import timber.log.Timber
"
300,"5c49fd3 project/app/src/main/java/org/owntracks/android/ui/welcome/WelcomeActivity.kt (<eulerhm@dcc.ufmg.br> 2022-12-20  20) import javax.inject.Inject
"
301,"5c49fd3 project/app/src/main/java/org/owntracks/android/ui/welcome/WelcomeActivityModule.kt (<eulerhm@dcc.ufmg.br> 2022-12-20  2) import androidx.appcompat.app.AppCompatActivity
"
302,"5c49fd3 project/app/src/main/java/org/owntracks/android/ui/welcome/WelcomeActivityModule.kt (<eulerhm@dcc.ufmg.br> 2022-12-20  3) import dagger.Binds
"
303,"5c49fd3 project/app/src/main/java/org/owntracks/android/ui/welcome/WelcomeActivityModule.kt (<eulerhm@dcc.ufmg.br> 2022-12-20  4) import dagger.Module
"
304,"5c49fd3 project/app/src/main/java/org/owntracks/android/ui/welcome/WelcomeActivityModule.kt (<eulerhm@dcc.ufmg.br> 2022-12-20  5) import dagger.android.ContributesAndroidInjector
"
305,"5c49fd3 project/app/src/main/java/org/owntracks/android/ui/welcome/WelcomeActivityModule.kt (<eulerhm@dcc.ufmg.br> 2022-12-20  6) import org.owntracks.android.injection.scopes.PerActivity
"
306,"5c49fd3 project/app/src/main/java/org/owntracks/android/ui/welcome/WelcomeActivityModule.kt (<eulerhm@dcc.ufmg.br> 2022-12-20  7) import org.owntracks.android.injection.scopes.PerFragment
"
307,"5c49fd3 project/app/src/main/java/org/owntracks/android/ui/welcome/WelcomeActivityModule.kt (<eulerhm@dcc.ufmg.br> 2022-12-20  8) import org.owntracks.android.ui.base.viewmodel.BaseViewModel
"
308,"5c49fd3 project/app/src/main/java/org/owntracks/android/ui/welcome/WelcomeActivityModule.kt (<eulerhm@dcc.ufmg.br> 2022-12-20  9) import org.owntracks.android.ui.welcome.finish.FinishFragment
"
309,"5c49fd3 project/app/src/main/java/org/owntracks/android/ui/welcome/WelcomeActivityModule.kt (<eulerhm@dcc.ufmg.br> 2022-12-20 10) import org.owntracks.android.ui.welcome.finish.FinishFragmentModule
"
310,"5c49fd3 project/app/src/main/java/org/owntracks/android/ui/welcome/WelcomeActivityModule.kt (<eulerhm@dcc.ufmg.br> 2022-12-20 11) import org.owntracks.android.ui.welcome.intro.IntroFragment
"
311,"5c49fd3 project/app/src/main/java/org/owntracks/android/ui/welcome/WelcomeActivityModule.kt (<eulerhm@dcc.ufmg.br> 2022-12-20 12) import org.owntracks.android.ui.welcome.intro.IntroFragmentModule
"
312,"5c49fd3 project/app/src/main/java/org/owntracks/android/ui/welcome/WelcomeActivityModule.kt (<eulerhm@dcc.ufmg.br> 2022-12-20 13) import org.owntracks.android.ui.welcome.permission.PermissionFragment
"
313,"5c49fd3 project/app/src/main/java/org/owntracks/android/ui/welcome/WelcomeActivityModule.kt (<eulerhm@dcc.ufmg.br> 2022-12-20 14) import org.owntracks.android.ui.welcome.permission.PermissionFragmentModule
"
314,"5c49fd3 project/app/src/main/java/org/owntracks/android/ui/welcome/WelcomeActivityModule.kt (<eulerhm@dcc.ufmg.br> 2022-12-20 15) import org.owntracks.android.ui.welcome.play.PlayFragment
"
315,"5c49fd3 project/app/src/main/java/org/owntracks/android/ui/welcome/WelcomeActivityModule.kt (<eulerhm@dcc.ufmg.br> 2022-12-20 16) import org.owntracks.android.ui.welcome.play.PlayFragmentModule
"
316,"5c49fd3 project/app/src/main/java/org/owntracks/android/ui/welcome/WelcomeActivityModule.kt (<eulerhm@dcc.ufmg.br> 2022-12-20 17) import org.owntracks.android.ui.welcome.version.VersionFragment
"
317,"5c49fd3 project/app/src/main/java/org/owntracks/android/ui/welcome/WelcomeActivityModule.kt (<eulerhm@dcc.ufmg.br> 2022-12-20 18) import org.owntracks.android.ui.welcome.version.VersionFragmentModule
"
318,"5c49fd3 project/app/src/main/java/org/owntracks/android/ui/welcome/WelcomeAdapter.kt (<eulerhm@dcc.ufmg.br> 2022-12-20  3) import android.os.Build
"
319,"5c49fd3 project/app/src/main/java/org/owntracks/android/ui/welcome/WelcomeAdapter.kt (<eulerhm@dcc.ufmg.br> 2022-12-20  4) import androidx.fragment.app.Fragment
"
320,"5c49fd3 project/app/src/main/java/org/owntracks/android/ui/welcome/WelcomeAdapter.kt (<eulerhm@dcc.ufmg.br> 2022-12-20  5) import androidx.viewpager2.adapter.FragmentStateAdapter
"
321,"5c49fd3 project/app/src/main/java/org/owntracks/android/ui/welcome/WelcomeAdapter.kt (<eulerhm@dcc.ufmg.br> 2022-12-20  6) import org.owntracks.android.injection.scopes.PerActivity
"
322,"5c49fd3 project/app/src/main/java/org/owntracks/android/ui/welcome/WelcomeAdapter.kt (<eulerhm@dcc.ufmg.br> 2022-12-20  7) import org.owntracks.android.support.RequirementsChecker
"
323,"5c49fd3 project/app/src/main/java/org/owntracks/android/ui/welcome/WelcomeAdapter.kt (<eulerhm@dcc.ufmg.br> 2022-12-20  8) import timber.log.Timber
"
324,"5c49fd3 project/app/src/main/java/org/owntracks/android/ui/welcome/WelcomeAdapter.kt (<eulerhm@dcc.ufmg.br> 2022-12-20  9) import java.util.*
"
325,"5c49fd3 project/app/src/main/java/org/owntracks/android/ui/welcome/WelcomeFragmentMvvm.java (<eulerhm@dcc.ufmg.br> 2022-12-20  3) import org.owntracks.android.ui.base.view.MvvmView;
"
326,"5c49fd3 project/app/src/main/java/org/owntracks/android/ui/welcome/WelcomeMvvm.java (<eulerhm@dcc.ufmg.br> 2022-12-20  3) import org.owntracks.android.ui.base.view.MvvmView;
"
327,"5c49fd3 project/app/src/main/java/org/owntracks/android/ui/welcome/WelcomeViewModel.kt (<eulerhm@dcc.ufmg.br> 2022-12-20  3) import android.content.Intent
"
328,"5c49fd3 project/app/src/main/java/org/owntracks/android/ui/welcome/WelcomeViewModel.kt (<eulerhm@dcc.ufmg.br> 2022-12-20  4) import androidx.lifecycle.MutableLiveData
"
329,"5c49fd3 project/app/src/main/java/org/owntracks/android/ui/welcome/WelcomeViewModel.kt (<eulerhm@dcc.ufmg.br> 2022-12-20  5) import org.owntracks.android.injection.scopes.PerActivity
"
330,"5c49fd3 project/app/src/main/java/org/owntracks/android/ui/welcome/WelcomeViewModel.kt (<eulerhm@dcc.ufmg.br> 2022-12-20  6) import org.owntracks.android.support.Preferences
"
331,"5c49fd3 project/app/src/main/java/org/owntracks/android/ui/welcome/WelcomeViewModel.kt (<eulerhm@dcc.ufmg.br> 2022-12-20  7) import org.owntracks.android.ui.base.viewmodel.BaseViewModel
"
332,"5c49fd3 project/app/src/main/java/org/owntracks/android/ui/welcome/WelcomeViewModel.kt (<eulerhm@dcc.ufmg.br> 2022-12-20  8) import org.owntracks.android.ui.map.MapActivity
"
333,"5c49fd3 project/app/src/main/java/org/owntracks/android/ui/welcome/WelcomeViewModel.kt (<eulerhm@dcc.ufmg.br> 2022-12-20  9) import timber.log.Timber
"
334,"5c49fd3 project/app/src/main/java/org/owntracks/android/ui/welcome/WelcomeViewModel.kt (<eulerhm@dcc.ufmg.br> 2022-12-20 10) import javax.inject.Inject
"
335,"5c49fd3 project/app/src/main/java/org/owntracks/android/ui/welcome/finish/FinishFragment.kt (<eulerhm@dcc.ufmg.br> 2022-12-20  3) import android.os.Bundle
"
336,"5c49fd3 project/app/src/main/java/org/owntracks/android/ui/welcome/finish/FinishFragment.kt (<eulerhm@dcc.ufmg.br> 2022-12-20  4) import android.view.LayoutInflater
"
337,"5c49fd3 project/app/src/main/java/org/owntracks/android/ui/welcome/finish/FinishFragment.kt (<eulerhm@dcc.ufmg.br> 2022-12-20  5) import android.view.View
"
338,"5c49fd3 project/app/src/main/java/org/owntracks/android/ui/welcome/finish/FinishFragment.kt (<eulerhm@dcc.ufmg.br> 2022-12-20  6) import android.view.ViewGroup
"
339,"5c49fd3 project/app/src/main/java/org/owntracks/android/ui/welcome/finish/FinishFragment.kt (<eulerhm@dcc.ufmg.br> 2022-12-20  7) import org.owntracks.android.R
"
340,"5c49fd3 project/app/src/main/java/org/owntracks/android/ui/welcome/finish/FinishFragment.kt (<eulerhm@dcc.ufmg.br> 2022-12-20  8) import org.owntracks.android.databinding.UiWelcomeFinishBinding
"
341,"5c49fd3 project/app/src/main/java/org/owntracks/android/ui/welcome/finish/FinishFragment.kt (<eulerhm@dcc.ufmg.br> 2022-12-20  9) import org.owntracks.android.ui.base.BaseSupportFragment
"
342,"5c49fd3 project/app/src/main/java/org/owntracks/android/ui/welcome/finish/FinishFragment.kt (<eulerhm@dcc.ufmg.br> 2022-12-20 10) import org.owntracks.android.ui.base.viewmodel.NoOpViewModel
"
343,"5c49fd3 project/app/src/main/java/org/owntracks/android/ui/welcome/finish/FinishFragment.kt (<eulerhm@dcc.ufmg.br> 2022-12-20 11) import org.owntracks.android.ui.welcome.WelcomeFragmentMvvm
"
344,"5c49fd3 project/app/src/main/java/org/owntracks/android/ui/welcome/finish/FinishFragmentModule.kt (<eulerhm@dcc.ufmg.br> 2022-12-20  3) import androidx.fragment.app.Fragment
"
345,"5c49fd3 project/app/src/main/java/org/owntracks/android/ui/welcome/finish/FinishFragmentModule.kt (<eulerhm@dcc.ufmg.br> 2022-12-20  4) import dagger.Binds
"
346,"5c49fd3 project/app/src/main/java/org/owntracks/android/ui/welcome/finish/FinishFragmentModule.kt (<eulerhm@dcc.ufmg.br> 2022-12-20  5) import dagger.Module
"
347,"5c49fd3 project/app/src/main/java/org/owntracks/android/ui/welcome/finish/FinishFragmentModule.kt (<eulerhm@dcc.ufmg.br> 2022-12-20  6) import org.owntracks.android.injection.scopes.PerFragment
"
348,"5c49fd3 project/app/src/main/java/org/owntracks/android/ui/welcome/intro/IntroFragment.kt (<eulerhm@dcc.ufmg.br> 2022-12-20  3) import android.os.Bundle
"
349,"5c49fd3 project/app/src/main/java/org/owntracks/android/ui/welcome/intro/IntroFragment.kt (<eulerhm@dcc.ufmg.br> 2022-12-20  4) import android.view.LayoutInflater
"
350,"5c49fd3 project/app/src/main/java/org/owntracks/android/ui/welcome/intro/IntroFragment.kt (<eulerhm@dcc.ufmg.br> 2022-12-20  5) import android.view.View
"
351,"5c49fd3 project/app/src/main/java/org/owntracks/android/ui/welcome/intro/IntroFragment.kt (<eulerhm@dcc.ufmg.br> 2022-12-20  6) import android.view.ViewGroup
"
352,"5c49fd3 project/app/src/main/java/org/owntracks/android/ui/welcome/intro/IntroFragment.kt (<eulerhm@dcc.ufmg.br> 2022-12-20  7) import org.owntracks.android.R
"
353,"5c49fd3 project/app/src/main/java/org/owntracks/android/ui/welcome/intro/IntroFragment.kt (<eulerhm@dcc.ufmg.br> 2022-12-20  8) import org.owntracks.android.databinding.UiWelcomeIntroBinding
"
354,"5c49fd3 project/app/src/main/java/org/owntracks/android/ui/welcome/intro/IntroFragment.kt (<eulerhm@dcc.ufmg.br> 2022-12-20  9) import org.owntracks.android.ui.base.BaseSupportFragment
"
355,"5c49fd3 project/app/src/main/java/org/owntracks/android/ui/welcome/intro/IntroFragment.kt (<eulerhm@dcc.ufmg.br> 2022-12-20 10) import org.owntracks.android.ui.base.viewmodel.NoOpViewModel
"
356,"5c49fd3 project/app/src/main/java/org/owntracks/android/ui/welcome/intro/IntroFragment.kt (<eulerhm@dcc.ufmg.br> 2022-12-20 11) import org.owntracks.android.ui.welcome.WelcomeFragmentMvvm
"
357,"5c49fd3 project/app/src/main/java/org/owntracks/android/ui/welcome/intro/IntroFragmentModule.kt (<eulerhm@dcc.ufmg.br> 2022-12-20  3) import androidx.fragment.app.Fragment
"
358,"5c49fd3 project/app/src/main/java/org/owntracks/android/ui/welcome/intro/IntroFragmentModule.kt (<eulerhm@dcc.ufmg.br> 2022-12-20  4) import dagger.Binds
"
359,"5c49fd3 project/app/src/main/java/org/owntracks/android/ui/welcome/intro/IntroFragmentModule.kt (<eulerhm@dcc.ufmg.br> 2022-12-20  5) import dagger.Module
"
360,"5c49fd3 project/app/src/main/java/org/owntracks/android/ui/welcome/intro/IntroFragmentModule.kt (<eulerhm@dcc.ufmg.br> 2022-12-20  6) import org.owntracks.android.injection.scopes.PerFragment
"
361,"5c49fd3 project/app/src/main/java/org/owntracks/android/ui/welcome/permission/PermissionFragment.kt (<eulerhm@dcc.ufmg.br> 2022-12-20  3) import android.Manifest
"
362,"5c49fd3 project/app/src/main/java/org/owntracks/android/ui/welcome/permission/PermissionFragment.kt (<eulerhm@dcc.ufmg.br> 2022-12-20  4) import android.content.DialogInterface
"
363,"5c49fd3 project/app/src/main/java/org/owntracks/android/ui/welcome/permission/PermissionFragment.kt (<eulerhm@dcc.ufmg.br> 2022-12-20  5) import android.content.pm.PackageManager
"
364,"5c49fd3 project/app/src/main/java/org/owntracks/android/ui/welcome/permission/PermissionFragment.kt (<eulerhm@dcc.ufmg.br> 2022-12-20  6) import android.os.Build
"
365,"5c49fd3 project/app/src/main/java/org/owntracks/android/ui/welcome/permission/PermissionFragment.kt (<eulerhm@dcc.ufmg.br> 2022-12-20  7) import android.os.Bundle
"
366,"5c49fd3 project/app/src/main/java/org/owntracks/android/ui/welcome/permission/PermissionFragment.kt (<eulerhm@dcc.ufmg.br> 2022-12-20  8) import android.view.LayoutInflater
"
367,"5c49fd3 project/app/src/main/java/org/owntracks/android/ui/welcome/permission/PermissionFragment.kt (<eulerhm@dcc.ufmg.br> 2022-12-20  9) import android.view.View
"
368,"5c49fd3 project/app/src/main/java/org/owntracks/android/ui/welcome/permission/PermissionFragment.kt (<eulerhm@dcc.ufmg.br> 2022-12-20 10) import android.view.ViewGroup
"
369,"5c49fd3 project/app/src/main/java/org/owntracks/android/ui/welcome/permission/PermissionFragment.kt (<eulerhm@dcc.ufmg.br> 2022-12-20 11) import android.widget.Toast
"
370,"5c49fd3 project/app/src/main/java/org/owntracks/android/ui/welcome/permission/PermissionFragment.kt (<eulerhm@dcc.ufmg.br> 2022-12-20 12) import androidx.appcompat.app.AlertDialog
"
371,"5c49fd3 project/app/src/main/java/org/owntracks/android/ui/welcome/permission/PermissionFragment.kt (<eulerhm@dcc.ufmg.br> 2022-12-20 13) import androidx.core.content.ContextCompat
"
372,"5c49fd3 project/app/src/main/java/org/owntracks/android/ui/welcome/permission/PermissionFragment.kt (<eulerhm@dcc.ufmg.br> 2022-12-20 14) import org.greenrobot.eventbus.EventBus
"
373,"5c49fd3 project/app/src/main/java/org/owntracks/android/ui/welcome/permission/PermissionFragment.kt (<eulerhm@dcc.ufmg.br> 2022-12-20 15) import org.owntracks.android.R
"
374,"5c49fd3 project/app/src/main/java/org/owntracks/android/ui/welcome/permission/PermissionFragment.kt (<eulerhm@dcc.ufmg.br> 2022-12-20 16) import org.owntracks.android.databinding.UiWelcomePermissionsBinding
"
375,"5c49fd3 project/app/src/main/java/org/owntracks/android/ui/welcome/permission/PermissionFragment.kt (<eulerhm@dcc.ufmg.br> 2022-12-20 17) import org.owntracks.android.support.Events.PermissionGranted
"
376,"5c49fd3 project/app/src/main/java/org/owntracks/android/ui/welcome/permission/PermissionFragment.kt (<eulerhm@dcc.ufmg.br> 2022-12-20 18) import org.owntracks.android.ui.base.BaseSupportFragment
"
377,"5c49fd3 project/app/src/main/java/org/owntracks/android/ui/welcome/permission/PermissionFragment.kt (<eulerhm@dcc.ufmg.br> 2022-12-20 19) import org.owntracks.android.ui.welcome.WelcomeMvvm
"
378,"5c49fd3 project/app/src/main/java/org/owntracks/android/ui/welcome/permission/PermissionFragment.kt (<eulerhm@dcc.ufmg.br> 2022-12-20 20) import javax.inject.Inject
"
379,"5c49fd3 project/app/src/main/java/org/owntracks/android/ui/welcome/permission/PermissionFragmentModule.kt (<eulerhm@dcc.ufmg.br> 2022-12-20  3) import androidx.fragment.app.Fragment
"
380,"5c49fd3 project/app/src/main/java/org/owntracks/android/ui/welcome/permission/PermissionFragmentModule.kt (<eulerhm@dcc.ufmg.br> 2022-12-20  4) import dagger.Binds
"
381,"5c49fd3 project/app/src/main/java/org/owntracks/android/ui/welcome/permission/PermissionFragmentModule.kt (<eulerhm@dcc.ufmg.br> 2022-12-20  5) import dagger.Module
"
382,"5c49fd3 project/app/src/main/java/org/owntracks/android/ui/welcome/permission/PermissionFragmentMvvm.kt (<eulerhm@dcc.ufmg.br> 2022-12-20 3) import org.owntracks.android.ui.welcome.WelcomeFragmentMvvm
"
383,"5c49fd3 project/app/src/main/java/org/owntracks/android/ui/welcome/permission/PermissionFragmentViewModel.kt (<eulerhm@dcc.ufmg.br> 2022-12-20  3) import android.os.Bundle
"
384,"5c49fd3 project/app/src/main/java/org/owntracks/android/ui/welcome/permission/PermissionFragmentViewModel.kt (<eulerhm@dcc.ufmg.br> 2022-12-20  4) import org.owntracks.android.injection.scopes.PerActivity
"
385,"5c49fd3 project/app/src/main/java/org/owntracks/android/ui/welcome/permission/PermissionFragmentViewModel.kt (<eulerhm@dcc.ufmg.br> 2022-12-20  5) import org.owntracks.android.ui.base.viewmodel.BaseViewModel
"
386,"5c49fd3 project/app/src/main/java/org/owntracks/android/ui/welcome/permission/PermissionFragmentViewModel.kt (<eulerhm@dcc.ufmg.br> 2022-12-20  6) import javax.inject.Inject
"
387,"5c49fd3 project/app/src/main/java/org/owntracks/android/ui/welcome/play/PlayFragment.kt (<eulerhm@dcc.ufmg.br> 2022-12-20  3) import android.os.Bundle
"
388,"5c49fd3 project/app/src/main/java/org/owntracks/android/ui/welcome/play/PlayFragment.kt (<eulerhm@dcc.ufmg.br> 2022-12-20  4) import android.view.LayoutInflater
"
389,"5c49fd3 project/app/src/main/java/org/owntracks/android/ui/welcome/play/PlayFragment.kt (<eulerhm@dcc.ufmg.br> 2022-12-20  5) import android.view.View
"
390,"5c49fd3 project/app/src/main/java/org/owntracks/android/ui/welcome/play/PlayFragment.kt (<eulerhm@dcc.ufmg.br> 2022-12-20  6) import android.view.ViewGroup
"
391,"5c49fd3 project/app/src/main/java/org/owntracks/android/ui/welcome/play/PlayFragment.kt (<eulerhm@dcc.ufmg.br> 2022-12-20  7) import android.widget.Toast
"
392,"5c49fd3 project/app/src/main/java/org/owntracks/android/ui/welcome/play/PlayFragment.kt (<eulerhm@dcc.ufmg.br> 2022-12-20  8) import com.google.android.gms.common.ConnectionResult
"
393,"5c49fd3 project/app/src/main/java/org/owntracks/android/ui/welcome/play/PlayFragment.kt (<eulerhm@dcc.ufmg.br> 2022-12-20  9) import com.google.android.gms.common.GoogleApiAvailability
"
394,"5c49fd3 project/app/src/main/java/org/owntracks/android/ui/welcome/play/PlayFragment.kt (<eulerhm@dcc.ufmg.br> 2022-12-20 10) import org.owntracks.android.R
"
395,"5c49fd3 project/app/src/main/java/org/owntracks/android/ui/welcome/play/PlayFragment.kt (<eulerhm@dcc.ufmg.br> 2022-12-20 11) import org.owntracks.android.databinding.UiWelcomePlayBinding
"
396,"5c49fd3 project/app/src/main/java/org/owntracks/android/ui/welcome/play/PlayFragment.kt (<eulerhm@dcc.ufmg.br> 2022-12-20 12) import org.owntracks.android.ui.base.BaseSupportFragment
"
397,"5c49fd3 project/app/src/main/java/org/owntracks/android/ui/welcome/play/PlayFragment.kt (<eulerhm@dcc.ufmg.br> 2022-12-20 13) import org.owntracks.android.ui.welcome.WelcomeMvvm
"
398,"5c49fd3 project/app/src/main/java/org/owntracks/android/ui/welcome/play/PlayFragmentModule.kt (<eulerhm@dcc.ufmg.br> 2022-12-20  3) import androidx.fragment.app.Fragment
"
399,"5c49fd3 project/app/src/main/java/org/owntracks/android/ui/welcome/play/PlayFragmentModule.kt (<eulerhm@dcc.ufmg.br> 2022-12-20  4) import dagger.Binds
"
400,"5c49fd3 project/app/src/main/java/org/owntracks/android/ui/welcome/play/PlayFragmentModule.kt (<eulerhm@dcc.ufmg.br> 2022-12-20  5) import dagger.Module
"
401,"5c49fd3 project/app/src/main/java/org/owntracks/android/ui/welcome/play/PlayFragmentModule.kt (<eulerhm@dcc.ufmg.br> 2022-12-20  6) import org.owntracks.android.injection.scopes.PerFragment
"
402,"5c49fd3 project/app/src/main/java/org/owntracks/android/ui/welcome/play/PlayFragmentMvvm.kt (<eulerhm@dcc.ufmg.br> 2022-12-20 3) import org.owntracks.android.ui.welcome.WelcomeFragmentMvvm
"
403,"5c49fd3 project/app/src/main/java/org/owntracks/android/ui/welcome/play/PlayFragmentViewModel.kt (<eulerhm@dcc.ufmg.br> 2022-12-20  3) import androidx.databinding.Bindable
"
404,"5c49fd3 project/app/src/main/java/org/owntracks/android/ui/welcome/play/PlayFragmentViewModel.kt (<eulerhm@dcc.ufmg.br> 2022-12-20  4) import org.owntracks.android.injection.scopes.PerFragment
"
405,"5c49fd3 project/app/src/main/java/org/owntracks/android/ui/welcome/play/PlayFragmentViewModel.kt (<eulerhm@dcc.ufmg.br> 2022-12-20  5) import org.owntracks.android.ui.base.viewmodel.BaseViewModel
"
406,"5c49fd3 project/app/src/main/java/org/owntracks/android/ui/welcome/play/PlayFragmentViewModel.kt (<eulerhm@dcc.ufmg.br> 2022-12-20  6) import javax.inject.Inject
"
407,"5c49fd3 project/app/src/main/java/org/owntracks/android/ui/welcome/version/VersionFragment.kt (<eulerhm@dcc.ufmg.br> 2022-12-20  3) import android.content.ActivityNotFoundException
"
408,"5c49fd3 project/app/src/main/java/org/owntracks/android/ui/welcome/version/VersionFragment.kt (<eulerhm@dcc.ufmg.br> 2022-12-20  4) import android.content.Intent
"
409,"5c49fd3 project/app/src/main/java/org/owntracks/android/ui/welcome/version/VersionFragment.kt (<eulerhm@dcc.ufmg.br> 2022-12-20  5) import android.net.Uri
"
410,"5c49fd3 project/app/src/main/java/org/owntracks/android/ui/welcome/version/VersionFragment.kt (<eulerhm@dcc.ufmg.br> 2022-12-20  6) import android.os.Bundle
"
411,"5c49fd3 project/app/src/main/java/org/owntracks/android/ui/welcome/version/VersionFragment.kt (<eulerhm@dcc.ufmg.br> 2022-12-20  7) import android.view.LayoutInflater
"
412,"5c49fd3 project/app/src/main/java/org/owntracks/android/ui/welcome/version/VersionFragment.kt (<eulerhm@dcc.ufmg.br> 2022-12-20  8) import android.view.View
"
413,"5c49fd3 project/app/src/main/java/org/owntracks/android/ui/welcome/version/VersionFragment.kt (<eulerhm@dcc.ufmg.br> 2022-12-20  9) import android.view.ViewGroup
"
414,"5c49fd3 project/app/src/main/java/org/owntracks/android/ui/welcome/version/VersionFragment.kt (<eulerhm@dcc.ufmg.br> 2022-12-20 10) import android.widget.Toast
"
415,"5c49fd3 project/app/src/main/java/org/owntracks/android/ui/welcome/version/VersionFragment.kt (<eulerhm@dcc.ufmg.br> 2022-12-20 11) import org.owntracks.android.R
"
416,"5c49fd3 project/app/src/main/java/org/owntracks/android/ui/welcome/version/VersionFragment.kt (<eulerhm@dcc.ufmg.br> 2022-12-20 12) import org.owntracks.android.databinding.UiWelcomeVersionBinding
"
417,"5c49fd3 project/app/src/main/java/org/owntracks/android/ui/welcome/version/VersionFragment.kt (<eulerhm@dcc.ufmg.br> 2022-12-20 13) import org.owntracks.android.ui.base.BaseSupportFragment
"
418,"5c49fd3 project/app/src/main/java/org/owntracks/android/ui/welcome/version/VersionFragment.kt (<eulerhm@dcc.ufmg.br> 2022-12-20 14) import org.owntracks.android.ui.base.viewmodel.NoOpViewModel
"
419,"5c49fd3 project/app/src/main/java/org/owntracks/android/ui/welcome/version/VersionFragment.kt (<eulerhm@dcc.ufmg.br> 2022-12-20 15) import org.owntracks.android.ui.welcome.WelcomeFragmentMvvm
"
420,"5c49fd3 project/app/src/main/java/org/owntracks/android/ui/welcome/version/VersionFragmentModule.kt (<eulerhm@dcc.ufmg.br> 2022-12-20  3) import androidx.fragment.app.Fragment
"
421,"5c49fd3 project/app/src/main/java/org/owntracks/android/ui/welcome/version/VersionFragmentModule.kt (<eulerhm@dcc.ufmg.br> 2022-12-20  4) import dagger.Binds
"
422,"5c49fd3 project/app/src/main/java/org/owntracks/android/ui/welcome/version/VersionFragmentModule.kt (<eulerhm@dcc.ufmg.br> 2022-12-20  5) import dagger.Module
"
423,"5c49fd3 project/app/src/main/java/org/owntracks/android/ui/welcome/version/VersionFragmentModule.kt (<eulerhm@dcc.ufmg.br> 2022-12-20  6) import org.owntracks.android.injection.scopes.PerFragment
"
424,"5c49fd3 project/app/src/test/java/org/owntracks/android/data/repos/MemoryContactsRepoTest.kt (<eulerhm@dcc.ufmg.br> 2022-12-20  3) import android.content.Context
"
425,"5c49fd3 project/app/src/test/java/org/owntracks/android/data/repos/MemoryContactsRepoTest.kt (<eulerhm@dcc.ufmg.br> 2022-12-20  4) import android.content.res.Resources
"
426,"5c49fd3 project/app/src/test/java/org/owntracks/android/data/repos/MemoryContactsRepoTest.kt (<eulerhm@dcc.ufmg.br> 2022-12-20  5) import android.util.DisplayMetrics
"
427,"5c49fd3 project/app/src/test/java/org/owntracks/android/data/repos/MemoryContactsRepoTest.kt (<eulerhm@dcc.ufmg.br> 2022-12-20  6) import androidx.arch.core.executor.testing.InstantTaskExecutorRule
"
428,"5c49fd3 project/app/src/test/java/org/owntracks/android/data/repos/MemoryContactsRepoTest.kt (<eulerhm@dcc.ufmg.br> 2022-12-20  7) import com.nhaarman.mockitokotlin2.any
"
429,"5c49fd3 project/app/src/test/java/org/owntracks/android/data/repos/MemoryContactsRepoTest.kt (<eulerhm@dcc.ufmg.br> 2022-12-20  8) import com.nhaarman.mockitokotlin2.doReturn
"
430,"5c49fd3 project/app/src/test/java/org/owntracks/android/data/repos/MemoryContactsRepoTest.kt (<eulerhm@dcc.ufmg.br> 2022-12-20  9) import com.nhaarman.mockitokotlin2.mock
"
431,"5c49fd3 project/app/src/test/java/org/owntracks/android/data/repos/MemoryContactsRepoTest.kt (<eulerhm@dcc.ufmg.br> 2022-12-20 10) import org.greenrobot.eventbus.EventBus
"
432,"5c49fd3 project/app/src/test/java/org/owntracks/android/data/repos/MemoryContactsRepoTest.kt (<eulerhm@dcc.ufmg.br> 2022-12-20 11) import org.junit.Assert.*
"
433,"5c49fd3 project/app/src/test/java/org/owntracks/android/data/repos/MemoryContactsRepoTest.kt (<eulerhm@dcc.ufmg.br> 2022-12-20 12) import org.junit.Before
"
434,"5c49fd3 project/app/src/test/java/org/owntracks/android/data/repos/MemoryContactsRepoTest.kt (<eulerhm@dcc.ufmg.br> 2022-12-20 13) import org.junit.Rule
"
435,"5c49fd3 project/app/src/test/java/org/owntracks/android/data/repos/MemoryContactsRepoTest.kt (<eulerhm@dcc.ufmg.br> 2022-12-20 14) import org.junit.Test
"
436,"5c49fd3 project/app/src/test/java/org/owntracks/android/data/repos/MemoryContactsRepoTest.kt (<eulerhm@dcc.ufmg.br> 2022-12-20 15) import org.owntracks.android.model.messages.MessageLocation
"
437,"5c49fd3 project/app/src/test/java/org/owntracks/android/data/repos/MemoryContactsRepoTest.kt (<eulerhm@dcc.ufmg.br> 2022-12-20 16) import org.owntracks.android.support.ContactImageProvider
"
438,"5c49fd3 project/app/src/test/java/org/owntracks/android/data/repos/MemoryContactsRepoTest.kt (<eulerhm@dcc.ufmg.br> 2022-12-20 17) import org.owntracks.android.support.Events.EndpointChanged
"
439,"5c49fd3 project/app/src/test/java/org/owntracks/android/data/repos/MemoryContactsRepoTest.kt (<eulerhm@dcc.ufmg.br> 2022-12-20 18) import org.owntracks.android.support.Events.ModeChanged
"
440,"5c49fd3 project/app/src/test/java/org/owntracks/android/data/repos/MemoryContactsRepoTest.kt (<eulerhm@dcc.ufmg.br> 2022-12-20 19) import java.io.IOException
"
441,"5c49fd3 project/app/src/test/java/org/owntracks/android/geocoding/TestOpenCageGeocoder.kt (<eulerhm@dcc.ufmg.br> 2022-12-20  3) import com.nhaarman.mockitokotlin2.any
"
442,"5c49fd3 project/app/src/test/java/org/owntracks/android/geocoding/TestOpenCageGeocoder.kt (<eulerhm@dcc.ufmg.br> 2022-12-20  4) import com.nhaarman.mockitokotlin2.doReturn
"
443,"5c49fd3 project/app/src/test/java/org/owntracks/android/geocoding/TestOpenCageGeocoder.kt (<eulerhm@dcc.ufmg.br> 2022-12-20  5) import com.nhaarman.mockitokotlin2.mock
"
444,"5c49fd3 project/app/src/test/java/org/owntracks/android/geocoding/TestOpenCageGeocoder.kt (<eulerhm@dcc.ufmg.br> 2022-12-20  6) import okhttp3.*
"
445,"5c49fd3 project/app/src/test/java/org/owntracks/android/geocoding/TestOpenCageGeocoder.kt (<eulerhm@dcc.ufmg.br> 2022-12-20  7) import okhttp3.MediaType.Companion.toMediaTypeOrNull
"
446,"5c49fd3 project/app/src/test/java/org/owntracks/android/geocoding/TestOpenCageGeocoder.kt (<eulerhm@dcc.ufmg.br> 2022-12-20  8) import okhttp3.ResponseBody.Companion.toResponseBody
"
447,"5c49fd3 project/app/src/test/java/org/owntracks/android/geocoding/TestOpenCageGeocoder.kt (<eulerhm@dcc.ufmg.br> 2022-12-20  9) import org.junit.Assert.assertEquals
"
448,"5c49fd3 project/app/src/test/java/org/owntracks/android/geocoding/TestOpenCageGeocoder.kt (<eulerhm@dcc.ufmg.br> 2022-12-20 10) import org.junit.Assert.assertNotNull
"
449,"5c49fd3 project/app/src/test/java/org/owntracks/android/geocoding/TestOpenCageGeocoder.kt (<eulerhm@dcc.ufmg.br> 2022-12-20 11) import org.junit.Test
"
450,"5c49fd3 project/app/src/test/java/org/owntracks/android/services/MessageProcessorEndpointHttpTest.kt (<eulerhm@dcc.ufmg.br> 2022-12-20   3) import com.nhaarman.mockitokotlin2.doReturn
"
451,"5c49fd3 project/app/src/test/java/org/owntracks/android/services/MessageProcessorEndpointHttpTest.kt (<eulerhm@dcc.ufmg.br> 2022-12-20   4) import com.nhaarman.mockitokotlin2.mock
"
452,"5c49fd3 project/app/src/test/java/org/owntracks/android/services/MessageProcessorEndpointHttpTest.kt (<eulerhm@dcc.ufmg.br> 2022-12-20   5) import org.junit.Assert.*
"
453,"5c49fd3 project/app/src/test/java/org/owntracks/android/services/MessageProcessorEndpointHttpTest.kt (<eulerhm@dcc.ufmg.br> 2022-12-20   6) import org.junit.Before
"
454,"5c49fd3 project/app/src/test/java/org/owntracks/android/services/MessageProcessorEndpointHttpTest.kt (<eulerhm@dcc.ufmg.br> 2022-12-20   7) import org.junit.Test
"
455,"5c49fd3 project/app/src/test/java/org/owntracks/android/services/MessageProcessorEndpointHttpTest.kt (<eulerhm@dcc.ufmg.br> 2022-12-20   8) import org.mockito.Mock
"
456,"5c49fd3 project/app/src/test/java/org/owntracks/android/services/MessageProcessorEndpointHttpTest.kt (<eulerhm@dcc.ufmg.br> 2022-12-20   9) import org.mockito.Mockito.`when`
"
457,"5c49fd3 project/app/src/test/java/org/owntracks/android/services/MessageProcessorEndpointHttpTest.kt (<eulerhm@dcc.ufmg.br> 2022-12-20  10) import org.owntracks.android.model.messages.MessageLocation
"
458,"5c49fd3 project/app/src/test/java/org/owntracks/android/services/MessageProcessorEndpointHttpTest.kt (<eulerhm@dcc.ufmg.br> 2022-12-20  11) import org.owntracks.android.services.worker.Scheduler
"
459,"5c49fd3 project/app/src/test/java/org/owntracks/android/services/MessageProcessorEndpointHttpTest.kt (<eulerhm@dcc.ufmg.br> 2022-12-20  12) import org.owntracks.android.support.EncryptionProvider
"
460,"5c49fd3 project/app/src/test/java/org/owntracks/android/services/MessageProcessorEndpointHttpTest.kt (<eulerhm@dcc.ufmg.br> 2022-12-20  13) import org.owntracks.android.support.Parser
"
461,"5c49fd3 project/app/src/test/java/org/owntracks/android/services/MessageProcessorEndpointHttpTest.kt (<eulerhm@dcc.ufmg.br> 2022-12-20  14) import org.owntracks.android.support.Preferences
"
462,"5c49fd3 project/app/src/test/java/org/owntracks/android/services/MessageProcessorEndpointHttpTest.kt (<eulerhm@dcc.ufmg.br> 2022-12-20  15) import org.owntracks.android.support.interfaces.ConfigurationIncompleteException
"
463,"5c49fd3 project/app/src/test/java/org/owntracks/android/services/MessageProcessorEndpointMqttTest.kt (<eulerhm@dcc.ufmg.br> 2022-12-20  3) import android.content.Context
"
464,"5c49fd3 project/app/src/test/java/org/owntracks/android/services/MessageProcessorEndpointMqttTest.kt (<eulerhm@dcc.ufmg.br> 2022-12-20  4) import com.nhaarman.mockitokotlin2.any
"
465,"5c49fd3 project/app/src/test/java/org/owntracks/android/services/MessageProcessorEndpointMqttTest.kt (<eulerhm@dcc.ufmg.br> 2022-12-20  5) import com.nhaarman.mockitokotlin2.doReturn
"
466,"5c49fd3 project/app/src/test/java/org/owntracks/android/services/MessageProcessorEndpointMqttTest.kt (<eulerhm@dcc.ufmg.br> 2022-12-20  6) import com.nhaarman.mockitokotlin2.mock
"
467,"5c49fd3 project/app/src/test/java/org/owntracks/android/services/MessageProcessorEndpointMqttTest.kt (<eulerhm@dcc.ufmg.br> 2022-12-20  7) import org.junit.Assert
"
468,"5c49fd3 project/app/src/test/java/org/owntracks/android/services/MessageProcessorEndpointMqttTest.kt (<eulerhm@dcc.ufmg.br> 2022-12-20  8) import org.junit.Test
"
469,"5c49fd3 project/app/src/test/java/org/owntracks/android/services/MqttHostnameVerifierTest.kt (<eulerhm@dcc.ufmg.br> 2022-12-20   3) import org.junit.Assert.assertFalse
"
470,"5c49fd3 project/app/src/test/java/org/owntracks/android/services/MqttHostnameVerifierTest.kt (<eulerhm@dcc.ufmg.br> 2022-12-20   4) import org.junit.Assert.assertTrue
"
471,"5c49fd3 project/app/src/test/java/org/owntracks/android/services/MqttHostnameVerifierTest.kt (<eulerhm@dcc.ufmg.br> 2022-12-20   5) import org.junit.Test
"
472,"5c49fd3 project/app/src/test/java/org/owntracks/android/services/MqttHostnameVerifierTest.kt (<eulerhm@dcc.ufmg.br> 2022-12-20   6) import java.io.ByteArrayInputStream
"
473,"5c49fd3 project/app/src/test/java/org/owntracks/android/services/MqttHostnameVerifierTest.kt (<eulerhm@dcc.ufmg.br> 2022-12-20   7) import java.security.Principal
"
474,"5c49fd3 project/app/src/test/java/org/owntracks/android/services/MqttHostnameVerifierTest.kt (<eulerhm@dcc.ufmg.br> 2022-12-20   8) import java.security.cert.Certificate
"
475,"5c49fd3 project/app/src/test/java/org/owntracks/android/services/MqttHostnameVerifierTest.kt (<eulerhm@dcc.ufmg.br> 2022-12-20   9) import java.security.cert.CertificateFactory
"
476,"5c49fd3 project/app/src/test/java/org/owntracks/android/services/MqttHostnameVerifierTest.kt (<eulerhm@dcc.ufmg.br> 2022-12-20  10) import javax.net.ssl.SSLSession
"
477,"5c49fd3 project/app/src/test/java/org/owntracks/android/services/MqttHostnameVerifierTest.kt (<eulerhm@dcc.ufmg.br> 2022-12-20  11) import javax.net.ssl.SSLSessionContext
"
478,"5c49fd3 project/app/src/test/java/org/owntracks/android/services/MqttHostnameVerifierTest.kt (<eulerhm@dcc.ufmg.br> 2022-12-20  12) import javax.security.cert.X509Certificate
"
479,"5c49fd3 project/app/src/test/java/org/owntracks/android/support/InMemoryPreferencesStore.kt (<eulerhm@dcc.ufmg.br> 2022-12-20  3) import org.owntracks.android.support.preferences.OnModeChangedPreferenceChangedListener
"
480,"5c49fd3 project/app/src/test/java/org/owntracks/android/support/InMemoryPreferencesStore.kt (<eulerhm@dcc.ufmg.br> 2022-12-20  4) import org.owntracks.android.support.preferences.PreferencesStore
"
481,"5c49fd3 project/app/src/test/java/org/owntracks/android/support/ParserTest.kt (<eulerhm@dcc.ufmg.br> 2022-12-20   3) import com.fasterxml.jackson.core.JsonParseException
"
482,"5c49fd3 project/app/src/test/java/org/owntracks/android/support/ParserTest.kt (<eulerhm@dcc.ufmg.br> 2022-12-20   4) import com.fasterxml.jackson.databind.exc.InvalidFormatException
"
483,"5c49fd3 project/app/src/test/java/org/owntracks/android/support/ParserTest.kt (<eulerhm@dcc.ufmg.br> 2022-12-20   5) import com.google.android.gms.location.Geofence
"
484,"5c49fd3 project/app/src/test/java/org/owntracks/android/support/ParserTest.kt (<eulerhm@dcc.ufmg.br> 2022-12-20   6) import com.nhaarman.mockitokotlin2.doReturn
"
485,"5c49fd3 project/app/src/test/java/org/owntracks/android/support/ParserTest.kt (<eulerhm@dcc.ufmg.br> 2022-12-20   7) import com.nhaarman.mockitokotlin2.mock
"
486,"5c49fd3 project/app/src/test/java/org/owntracks/android/support/ParserTest.kt (<eulerhm@dcc.ufmg.br> 2022-12-20   8) import org.junit.Assert.*
"
487,"5c49fd3 project/app/src/test/java/org/owntracks/android/support/ParserTest.kt (<eulerhm@dcc.ufmg.br> 2022-12-20   9) import org.junit.Before
"
488,"5c49fd3 project/app/src/test/java/org/owntracks/android/support/ParserTest.kt (<eulerhm@dcc.ufmg.br> 2022-12-20  10) import org.junit.Test
"
489,"5c49fd3 project/app/src/test/java/org/owntracks/android/support/ParserTest.kt (<eulerhm@dcc.ufmg.br> 2022-12-20  11) import org.mockito.Mock
"
490,"5c49fd3 project/app/src/test/java/org/owntracks/android/support/ParserTest.kt (<eulerhm@dcc.ufmg.br> 2022-12-20  12) import org.mockito.Mockito
"
491,"5c49fd3 project/app/src/test/java/org/owntracks/android/support/ParserTest.kt (<eulerhm@dcc.ufmg.br> 2022-12-20  13) import org.owntracks.android.model.BatteryStatus
"
492,"5c49fd3 project/app/src/test/java/org/owntracks/android/support/ParserTest.kt (<eulerhm@dcc.ufmg.br> 2022-12-20  14) import org.owntracks.android.model.CommandAction
"
493,"5c49fd3 project/app/src/test/java/org/owntracks/android/support/ParserTest.kt (<eulerhm@dcc.ufmg.br> 2022-12-20  15) import org.owntracks.android.model.messages.*
"
494,"5c49fd3 project/app/src/test/java/org/owntracks/android/support/ParserTest.kt (<eulerhm@dcc.ufmg.br> 2022-12-20  16) import org.owntracks.android.support.Parser.EncryptionException
"
495,"5c49fd3 project/app/src/test/java/org/owntracks/android/support/ParserTest.kt (<eulerhm@dcc.ufmg.br> 2022-12-20  17) import java.io.ByteArrayInputStream
"
496,"5c49fd3 project/app/src/test/java/org/owntracks/android/support/ParserTest.kt (<eulerhm@dcc.ufmg.br> 2022-12-20  18) import java.io.IOException
"
497,"5c49fd3 project/app/src/test/java/org/owntracks/android/support/ParserTest.kt (<eulerhm@dcc.ufmg.br> 2022-12-20  19) import java.util.*
"
498,"5c49fd3 project/app/src/test/java/org/owntracks/android/support/PreferencesGettersAndSetters.kt (<eulerhm@dcc.ufmg.br> 2022-12-20   3) import android.content.Context
"
499,"5c49fd3 project/app/src/test/java/org/owntracks/android/support/PreferencesGettersAndSetters.kt (<eulerhm@dcc.ufmg.br> 2022-12-20   4) import android.content.res.Resources
"
500,"5c49fd3 project/app/src/test/java/org/owntracks/android/support/PreferencesGettersAndSetters.kt (<eulerhm@dcc.ufmg.br> 2022-12-20   5) import com.nhaarman.mockitokotlin2.any
"
501,"5c49fd3 project/app/src/test/java/org/owntracks/android/support/PreferencesGettersAndSetters.kt (<eulerhm@dcc.ufmg.br> 2022-12-20   6) import com.nhaarman.mockitokotlin2.doReturn
"
502,"5c49fd3 project/app/src/test/java/org/owntracks/android/support/PreferencesGettersAndSetters.kt (<eulerhm@dcc.ufmg.br> 2022-12-20   7) import com.nhaarman.mockitokotlin2.eq
"
503,"5c49fd3 project/app/src/test/java/org/owntracks/android/support/PreferencesGettersAndSetters.kt (<eulerhm@dcc.ufmg.br> 2022-12-20   8) import com.nhaarman.mockitokotlin2.mock
"
504,"5c49fd3 project/app/src/test/java/org/owntracks/android/support/PreferencesGettersAndSetters.kt (<eulerhm@dcc.ufmg.br> 2022-12-20   9) import org.eclipse.paho.client.mqttv3.MqttConnectOptions.MQTT_VERSION_3_1_1
"
505,"5c49fd3 project/app/src/test/java/org/owntracks/android/support/PreferencesGettersAndSetters.kt (<eulerhm@dcc.ufmg.br> 2022-12-20  10) import org.eclipse.paho.client.mqttv3.MqttConnectOptions.MQTT_VERSION_DEFAULT
"
506,"5c49fd3 project/app/src/test/java/org/owntracks/android/support/PreferencesGettersAndSetters.kt (<eulerhm@dcc.ufmg.br> 2022-12-20  11) import org.junit.Assert.assertEquals
"
507,"5c49fd3 project/app/src/test/java/org/owntracks/android/support/PreferencesGettersAndSetters.kt (<eulerhm@dcc.ufmg.br> 2022-12-20  12) import org.junit.Before
"
508,"5c49fd3 project/app/src/test/java/org/owntracks/android/support/PreferencesGettersAndSetters.kt (<eulerhm@dcc.ufmg.br> 2022-12-20  13) import org.junit.Test
"
509,"5c49fd3 project/app/src/test/java/org/owntracks/android/support/PreferencesGettersAndSetters.kt (<eulerhm@dcc.ufmg.br> 2022-12-20  14) import org.junit.runner.RunWith
"
510,"5c49fd3 project/app/src/test/java/org/owntracks/android/support/PreferencesGettersAndSetters.kt (<eulerhm@dcc.ufmg.br> 2022-12-20  15) import org.junit.runners.Parameterized
"
511,"5c49fd3 project/app/src/test/java/org/owntracks/android/support/PreferencesGettersAndSetters.kt (<eulerhm@dcc.ufmg.br> 2022-12-20  16) import org.owntracks.android.R
"
512,"5c49fd3 project/app/src/test/java/org/owntracks/android/support/PreferencesGettersAndSetters.kt (<eulerhm@dcc.ufmg.br> 2022-12-20  17) import org.owntracks.android.model.messages.MessageConfiguration
"
513,"5c49fd3 project/app/src/test/java/org/owntracks/android/support/PreferencesGettersAndSetters.kt (<eulerhm@dcc.ufmg.br> 2022-12-20  18) import org.owntracks.android.services.MessageProcessorEndpointHttp
"
514,"5c49fd3 project/app/src/test/java/org/owntracks/android/support/PreferencesGettersAndSetters.kt (<eulerhm@dcc.ufmg.br> 2022-12-20  19) import org.owntracks.android.services.MessageProcessorEndpointMqtt
"
515,"5c49fd3 project/app/src/test/java/org/owntracks/android/support/PreferencesGettersAndSetters.kt (<eulerhm@dcc.ufmg.br> 2022-12-20  20) import org.owntracks.android.support.preferences.PreferencesStore
"
516,"5c49fd3 project/app/src/test/java/org/owntracks/android/support/PreferencesGettersAndSetters.kt (<eulerhm@dcc.ufmg.br> 2022-12-20  21) import kotlin.reflect.KClass
"
517,"5c49fd3 project/app/src/test/java/org/owntracks/android/support/PreferenceTest.kt (<eulerhm@dcc.ufmg.br> 2022-12-20   3) import android.content.Context
"
518,"5c49fd3 project/app/src/test/java/org/owntracks/android/support/PreferenceTest.kt (<eulerhm@dcc.ufmg.br> 2022-12-20   4) import android.content.res.Resources
"
519,"5c49fd3 project/app/src/test/java/org/owntracks/android/support/PreferenceTest.kt (<eulerhm@dcc.ufmg.br> 2022-12-20   5) import com.nhaarman.mockitokotlin2.doReturn
"
520,"5c49fd3 project/app/src/test/java/org/owntracks/android/support/PreferenceTest.kt (<eulerhm@dcc.ufmg.br> 2022-12-20   6) import com.nhaarman.mockitokotlin2.mock
"
521,"5c49fd3 project/app/src/test/java/org/owntracks/android/support/PreferenceTest.kt (<eulerhm@dcc.ufmg.br> 2022-12-20   7) import org.junit.Assert
"
522,"5c49fd3 project/app/src/test/java/org/owntracks/android/support/PreferenceTest.kt (<eulerhm@dcc.ufmg.br> 2022-12-20   8) import org.junit.Assert.assertEquals
"
523,"5c49fd3 project/app/src/test/java/org/owntracks/android/support/PreferenceTest.kt (<eulerhm@dcc.ufmg.br> 2022-12-20   9) import org.junit.Assert.assertFalse
"
524,"5c49fd3 project/app/src/test/java/org/owntracks/android/support/PreferenceTest.kt (<eulerhm@dcc.ufmg.br> 2022-12-20  10) import org.junit.Before
"
525,"5c49fd3 project/app/src/test/java/org/owntracks/android/support/PreferenceTest.kt (<eulerhm@dcc.ufmg.br> 2022-12-20  11) import org.junit.Test
"
526,"5c49fd3 project/app/src/test/java/org/owntracks/android/support/PreferenceTest.kt (<eulerhm@dcc.ufmg.br> 2022-12-20  12) import org.owntracks.android.model.messages.MessageConfiguration
"
527,"5c49fd3 project/app/src/test/java/org/owntracks/android/support/PreferenceTest.kt (<eulerhm@dcc.ufmg.br> 2022-12-20  13) import org.owntracks.android.support.preferences.PreferencesStore
"
528,"5c49fd3 project/app/src/test/java/org/owntracks/android/ui/contacts/ContactsViewModelTest.kt (<eulerhm@dcc.ufmg.br> 2022-12-20  3) import androidx.lifecycle.MutableLiveData
"
529,"5c49fd3 project/app/src/test/java/org/owntracks/android/ui/contacts/ContactsViewModelTest.kt (<eulerhm@dcc.ufmg.br> 2022-12-20  4) import com.nhaarman.mockitokotlin2.doReturn
"
530,"5c49fd3 project/app/src/test/java/org/owntracks/android/ui/contacts/ContactsViewModelTest.kt (<eulerhm@dcc.ufmg.br> 2022-12-20  5) import com.nhaarman.mockitokotlin2.mock
"
531,"5c49fd3 project/app/src/test/java/org/owntracks/android/ui/contacts/ContactsViewModelTest.kt (<eulerhm@dcc.ufmg.br> 2022-12-20  6) import org.junit.Assert.assertEquals
"
532,"5c49fd3 project/app/src/test/java/org/owntracks/android/ui/contacts/ContactsViewModelTest.kt (<eulerhm@dcc.ufmg.br> 2022-12-20  7) import org.junit.Test
"
533,"5c49fd3 project/app/src/test/java/org/owntracks/android/ui/contacts/ContactsViewModelTest.kt (<eulerhm@dcc.ufmg.br> 2022-12-20  8) import org.owntracks.android.data.repos.ContactsRepo
"
534,"5c49fd3 project/app/src/test/java/org/owntracks/android/ui/contacts/ContactsViewModelTest.kt (<eulerhm@dcc.ufmg.br> 2022-12-20  9) import org.owntracks.android.model.FusedContact
"
535,"5c49fd3 project/app/src/test/java/org/owntracks/android/ui/preferences/load/InMemoryWaypointsRepo.kt (<eulerhm@dcc.ufmg.br> 2022-12-20  3) import io.objectbox.android.ObjectBoxLiveData
"
536,"5c49fd3 project/app/src/test/java/org/owntracks/android/ui/preferences/load/InMemoryWaypointsRepo.kt (<eulerhm@dcc.ufmg.br> 2022-12-20  4) import io.objectbox.query.Query
"
537,"5c49fd3 project/app/src/test/java/org/owntracks/android/ui/preferences/load/InMemoryWaypointsRepo.kt (<eulerhm@dcc.ufmg.br> 2022-12-20  5) import org.greenrobot.eventbus.EventBus
"
538,"5c49fd3 project/app/src/test/java/org/owntracks/android/ui/preferences/load/InMemoryWaypointsRepo.kt (<eulerhm@dcc.ufmg.br> 2022-12-20  6) import org.owntracks.android.data.WaypointModel
"
539,"5c49fd3 project/app/src/test/java/org/owntracks/android/ui/preferences/load/InMemoryWaypointsRepo.kt (<eulerhm@dcc.ufmg.br> 2022-12-20  7) import org.owntracks.android.data.repos.WaypointsRepo
"
540,"5c49fd3 project/app/src/test/java/org/owntracks/android/ui/preferences/load/LoadViewModelTest.kt (<eulerhm@dcc.ufmg.br> 2022-12-20  3) import android.content.Context
"
541,"5c49fd3 project/app/src/test/java/org/owntracks/android/ui/preferences/load/LoadViewModelTest.kt (<eulerhm@dcc.ufmg.br> 2022-12-20  4) import android.content.res.Resources
"
542,"5c49fd3 project/app/src/test/java/org/owntracks/android/ui/preferences/load/LoadViewModelTest.kt (<eulerhm@dcc.ufmg.br> 2022-12-20  5) import com.nhaarman.mockitokotlin2.doReturn
"
543,"5c49fd3 project/app/src/test/java/org/owntracks/android/ui/preferences/load/LoadViewModelTest.kt (<eulerhm@dcc.ufmg.br> 2022-12-20  6) import com.nhaarman.mockitokotlin2.mock
"
544,"5c49fd3 project/app/src/test/java/org/owntracks/android/ui/preferences/load/LoadViewModelTest.kt (<eulerhm@dcc.ufmg.br> 2022-12-20  7) import org.greenrobot.eventbus.EventBus
"
545,"5c49fd3 project/app/src/test/java/org/owntracks/android/ui/preferences/load/LoadViewModelTest.kt (<eulerhm@dcc.ufmg.br> 2022-12-20  8) import org.junit.Assert.assertEquals
"
546,"5c49fd3 project/app/src/test/java/org/owntracks/android/ui/preferences/load/LoadViewModelTest.kt (<eulerhm@dcc.ufmg.br> 2022-12-20  9) import org.junit.Before
"
547,"5c49fd3 project/app/src/test/java/org/owntracks/android/ui/preferences/load/LoadViewModelTest.kt (<eulerhm@dcc.ufmg.br> 2022-12-20 10) import org.junit.Test
"
548,"5c49fd3 project/app/src/test/java/org/owntracks/android/ui/preferences/load/LoadViewModelTest.kt (<eulerhm@dcc.ufmg.br> 2022-12-20 11) import org.owntracks.android.support.InMemoryPreferencesStore
"
549,"5c49fd3 project/app/src/test/java/org/owntracks/android/ui/preferences/load/LoadViewModelTest.kt (<eulerhm@dcc.ufmg.br> 2022-12-20 12) import org.owntracks.android.support.Parser
"
550,"5c49fd3 project/app/src/test/java/org/owntracks/android/ui/preferences/load/LoadViewModelTest.kt (<eulerhm@dcc.ufmg.br> 2022-12-20 13) import org.owntracks.android.support.Preferences
"
551,"5c49fd3 project/app/src/test/java/org/owntracks/android/ui/preferences/load/LoadViewModelTest.kt (<eulerhm@dcc.ufmg.br> 2022-12-20 14) import org.owntracks.android.support.PreferencesGettersAndSetters
"
552,"5c49fd3 project/app/src/test/java/org/owntracks/android/ui/preferences/load/LoadViewModelTest.kt (<eulerhm@dcc.ufmg.br> 2022-12-20 15) import org.owntracks.android.support.preferences.PreferencesStore
"
553,"5c49fd3 project/app/src/test/java/org/owntracks/android/ui/preferences/load/LoadViewModelTest.kt (<eulerhm@dcc.ufmg.br> 2022-12-20 16) import java.net.URI
"
